0,1
7,"{'tData_std': np.float64(0.3813242232868325), 'tData_range': np.int64(2), 'tData_rate_std': np.float64(0.38534777513490126), 'tData_2_std': np.float64(0.5050762722761054), 'tData_2_range': np.int64(1), 'tData_2_rate_std': np.float64(0.4370882053896903), 'tData_3_std': np.float64(0.28867513459481287), 'tData_3_range': np.int64(2), 'tData_3_rate_std': np.float64(0.38534777513490126), 'tData_4_std': np.float64(1.0518044100529351), 'tData_4_range': np.int64(4), 'tData_4_rate_std': np.float64(0.5645402321879861), 'pData_std': np.float64(62.189582871145504), 'pData_range': np.int64(221), 'pData_rate_std': np.float64(77.96124469092874), 'pData_2_std': np.float64(48.95988744095816), 'pData_2_range': np.int64(179), 'pData_2_rate_std': np.float64(60.99202075472398), 'pData_3_std': np.float64(48.84656840452519), 'pData_3_range': np.int64(220), 'pData_3_rate_std': np.float64(65.67068065638075), 'pData_4_std': np.float64(75.7457537931142), 'pData_4_range': np.int64(272), 'pData_4_rate_std': np.float64(94.08324931367135)}"
10,"{'tData_std': np.float64(0.0), 'tData_range': np.int64(0), 'tData_rate_std': np.float64(0.0), 'tData_2_std': np.float64(0.0), 'tData_2_range': np.int64(0), 'tData_2_rate_std': np.float64(0.0), 'tData_3_std': np.float64(0.0), 'tData_3_range': np.int64(0), 'tData_3_rate_std': np.float64(0.0), 'tData_4_std': np.float64(0.9983179130227932), 'tData_4_range': np.int64(3), 'tData_4_rate_std': np.float64(0.38810293211724584), 'pData_std': np.float64(0.0), 'pData_range': np.int64(0), 'pData_rate_std': np.float64(0.0), 'pData_2_std': np.float64(0.5576059269303898), 'pData_2_range': np.int64(2), 'pData_2_rate_std': np.float64(0.5213789477243252), 'pData_3_std': np.float64(0.0), 'pData_3_range': np.int64(0), 'pData_3_rate_std': np.float64(0.0), 'pData_4_std': np.float64(85.46838818037497), 'pData_4_range': np.int64(357), 'pData_4_rate_std': np.float64(81.50813307625049)}"
11,"{'tData_std': np.float64(0.0), 'tData_range': np.int64(0), 'tData_rate_std': np.float64(0.0), 'tData_2_std': np.float64(0.0), 'tData_2_range': np.int64(0), 'tData_2_rate_std': np.float64(0.0), 'tData_3_std': np.float64(0.0), 'tData_3_range': np.int64(0), 'tData_3_rate_std': np.float64(0.0), 'tData_4_std': np.float64(0.0), 'tData_4_range': np.int64(0), 'tData_4_rate_std': np.float64(0.0), 'pData_std': np.float64(0.0), 'pData_range': np.int64(0), 'pData_rate_std': np.float64(0.0), 'pData_2_std': np.float64(0.4472135954999579), 'pData_2_range': np.int64(1), 'pData_2_rate_std': np.float64(0.5936168397046637), 'pData_3_std': np.float64(0.25), 'pData_3_range': np.int64(1), 'pData_3_rate_std': np.float64(0.3779644730092272), 'pData_4_std': np.float64(0.0), 'pData_4_range': np.int64(0), 'pData_4_rate_std': np.float64(0.0)}"
0,"{'tData_std': np.float64(18950.123180399605), 'tData_range': np.int64(141879), 'tData_rate_std': np.float64(15662.287704553477), 'tData_2_std': np.float64(18950.331362859488), 'tData_2_range': np.int64(141879), 'tData_2_rate_std': np.float64(15662.61859024926), 'tData_3_std': np.float64(18950.14445700136), 'tData_3_range': np.int64(141879), 'tData_3_rate_std': np.float64(15662.287719543276), 'tData_4_std': np.float64(18949.780862761865), 'tData_4_range': np.int64(141880), 'tData_4_rate_std': np.float64(15662.28967721163), 'pData_std': np.float64(25.02083323263533), 'pData_range': np.int64(208), 'pData_rate_std': np.float64(19.049765611282186), 'pData_2_std': np.float64(19.51901086948595), 'pData_2_range': np.int64(180), 'pData_2_rate_std': np.float64(15.994368003595579), 'pData_3_std': np.float64(16.506899439271177), 'pData_3_range': np.int64(105), 'pData_3_rate_std': np.float64(11.718236777379595), 'pData_4_std': np.float64(13.020830335888665), 'pData_4_range': np.int64(85), 'pData_4_rate_std': np.float64(9.536834879151213)}"
13,"{'tData_std': np.float64(0.5113099925649136), 'tData_range': np.int64(1), 'tData_rate_std': np.float64(0.242535625036333), 'tData_2_std': np.float64(0.6183469424008423), 'tData_2_range': np.int64(2), 'tData_2_rate_std': np.float64(0.4287464628562721), 'tData_3_std': np.float64(0.5144957554275266), 'tData_3_range': np.int64(1), 'tData_3_rate_std': np.float64(0.242535625036333), 'tData_4_std': np.float64(0.5745131499601416), 'tData_4_range': np.int64(2), 'tData_4_rate_std': np.float64(0.4287464628562721), 'pData_std': np.float64(25.972584842458268), 'pData_range': np.int64(82), 'pData_rate_std': np.float64(36.71511950137164), 'pData_2_std': np.float64(40.8908958018423), 'pData_2_range': np.int64(120), 'pData_2_rate_std': np.float64(55.62023277655036), 'pData_3_std': np.float64(37.27994256496459), 'pData_3_range': np.int64(109), 'pData_3_rate_std': np.float64(59.16502345136018), 'pData_4_std': np.float64(32.11829645731948), 'pData_4_range': np.int64(92), 'pData_4_rate_std': np.float64(49.84601287966772)}"
14,"{'tData_std': np.float64(0.5129891760425771), 'tData_range': np.int64(1), 'tData_rate_std': np.float64(0.23570226039551584), 'tData_2_std': np.float64(0.41885390829169555), 'tData_2_range': np.int64(1), 'tData_2_rate_std': np.float64(0.48507125007266594), 'tData_3_std': np.float64(0.5129891760425771), 'tData_3_range': np.int64(1), 'tData_3_rate_std': np.float64(0.23570226039551584), 'tData_4_std': np.float64(0.5129891760425771), 'tData_4_range': np.int64(1), 'tData_4_rate_std': np.float64(0.48507125007266594), 'pData_std': np.float64(23.75656265131486), 'pData_range': np.int64(68), 'pData_rate_std': np.float64(31.710083755245837), 'pData_2_std': np.float64(44.70952382287063), 'pData_2_range': np.int64(158), 'pData_2_rate_std': np.float64(55.51788265160737), 'pData_3_std': np.float64(36.61559441530296), 'pData_3_range': np.int64(106), 'pData_3_rate_std': np.float64(55.88222910202997), 'pData_4_std': np.float64(38.373129609446664), 'pData_4_range': np.int64(114), 'pData_4_rate_std': np.float64(60.718249994156956)}"
17,"{'tData_std': np.float64(0.8138584590688046), 'tData_range': np.int64(2), 'tData_rate_std': np.float64(0.4138409933973337), 'tData_2_std': np.float64(0.8321496970374799), 'tData_2_range': np.int64(2), 'tData_2_rate_std': np.float64(0.31984191497474607), 'tData_3_std': np.float64(0.5408078385892443), 'tData_3_range': np.int64(2), 'tData_3_rate_std': np.float64(0.31984191497474607), 'tData_4_std': np.float64(0.7978465640616283), 'tData_4_range': np.int64(2), 'tData_4_rate_std': np.float64(0.4138409933973337), 'pData_std': np.float64(40.1969078145255), 'pData_range': np.int64(140), 'pData_rate_std': np.float64(50.283335143001885), 'pData_2_std': np.float64(62.801479333305615), 'pData_2_range': np.int64(221), 'pData_2_rate_std': np.float64(83.02014711855314), 'pData_3_std': np.float64(45.53956096520064), 'pData_3_range': np.int64(175), 'pData_3_rate_std': np.float64(62.66880651763545), 'pData_4_std': np.float64(47.736913423741655), 'pData_4_range': np.int64(154), 'pData_4_rate_std': np.float64(66.54736451684568)}"
18,"{'tData_std': np.float64(0.5159010042186836), 'tData_range': np.int64(2), 'tData_rate_std': np.float64(0.3511884584284246), 'tData_2_std': np.float64(0.6621642835894567), 'tData_2_range': np.int64(2), 'tData_2_rate_std': np.float64(0.45460605656619524), 'tData_3_std': np.float64(0.4296689244236597), 'tData_3_range': np.int64(1), 'tData_3_rate_std': np.float64(0.3511884584284246), 'tData_4_std': np.float64(0.6894814104706634), 'tData_4_range': np.int64(2), 'tData_4_rate_std': np.float64(0.6110100926607787), 'pData_std': np.float64(48.70724160343495), 'pData_range': np.int64(173), 'pData_rate_std': np.float64(71.25073099040225), 'pData_2_std': np.float64(50.920148649248254), 'pData_2_range': np.int64(179), 'pData_2_rate_std': np.float64(70.4958627627655), 'pData_3_std': np.float64(44.509152040727706), 'pData_3_range': np.int64(141), 'pData_3_rate_std': np.float64(64.31238864583815), 'pData_4_std': np.float64(36.34475943601138), 'pData_4_range': np.int64(135), 'pData_4_rate_std': np.float64(52.644246282634406)}"
19,"{'tData_std': np.float64(0.0), 'tData_range': np.int64(0), 'tData_rate_std': np.float64(0.0), 'tData_2_std': np.float64(0.5016313257045503), 'tData_2_range': np.int64(1), 'tData_2_rate_std': np.float64(0.5), 'tData_3_std': np.float64(0.0), 'tData_3_range': np.int64(0), 'tData_3_rate_std': np.float64(0.0), 'tData_4_std': np.float64(0.48507125007266594), 'tData_4_range': np.int64(1), 'tData_4_rate_std': np.float64(0.3535533905932738), 'pData_std': np.float64(36.94426998828533), 'pData_range': np.int64(105), 'pData_rate_std': np.float64(51.81457323958193), 'pData_2_std': np.float64(37.260301466298905), 'pData_2_range': np.int64(121), 'pData_2_rate_std': np.float64(52.46903848937962), 'pData_3_std': np.float64(39.44885826358799), 'pData_3_range': np.int64(132), 'pData_3_rate_std': np.float64(56.085871661230335), 'pData_4_std': np.float64(27.57497207554924), 'pData_4_range': np.int64(88), 'pData_4_rate_std': np.float64(38.878014352587506)}"
24,"{'tData_std': np.float64(0.0), 'tData_range': np.int64(0), 'tData_rate_std': np.float64(0.0), 'tData_2_std': np.float64(0.0), 'tData_2_range': np.int64(0), 'tData_2_rate_std': np.float64(0.0), 'tData_3_std': np.float64(0.0), 'tData_3_range': np.int64(0), 'tData_3_rate_std': np.float64(0.0), 'tData_4_std': np.float64(0.0), 'tData_4_range': np.int64(0), 'tData_4_rate_std': np.float64(0.0), 'pData_std': np.float64(10.731826566306191), 'pData_range': np.int64(43), 'pData_rate_std': np.float64(14.690751574313065), 'pData_2_std': np.float64(27.6420900969434), 'pData_2_range': np.int64(113), 'pData_2_rate_std': np.float64(32.539486502066715), 'pData_3_std': np.float64(8.777338244973054), 'pData_3_range': np.int64(43), 'pData_3_rate_std': np.float64(12.964987816843836), 'pData_4_std': np.float64(0.0), 'pData_4_range': np.int64(0), 'pData_4_rate_std': np.float64(0.0)}"
25,"{'tData_std': np.float64(0.0), 'tData_range': np.int64(0), 'tData_rate_std': np.float64(0.0), 'tData_2_std': np.float64(0.0), 'tData_2_range': np.int64(0), 'tData_2_rate_std': np.float64(0.0), 'tData_3_std': np.float64(0.0), 'tData_3_range': np.int64(0), 'tData_3_rate_std': np.float64(0.0), 'tData_4_std': np.float64(0.46966821831386213), 'tData_4_range': np.int64(1), 'tData_4_rate_std': np.float64(0.25), 'pData_std': np.float64(65.83228467767432), 'pData_range': np.int64(247), 'pData_rate_std': np.float64(77.19930915062216), 'pData_2_std': np.float64(0.0), 'pData_2_range': np.int64(0), 'pData_2_rate_std': np.float64(0.0), 'pData_3_std': np.float64(0.0), 'pData_3_range': np.int64(0), 'pData_3_rate_std': np.float64(0.0), 'pData_4_std': np.float64(92.49022205871596), 'pData_4_range': np.int64(332), 'pData_4_rate_std': np.float64(86.74867914460332)}"
26,"{'tData_std': np.float64(0.20618457094236217), 'tData_range': np.int64(1), 'tData_rate_std': np.float64(0.21320071635561044), 'tData_2_std': np.float64(0.14744195615489714), 'tData_2_range': np.int64(1), 'tData_2_rate_std': np.float64(0.21320071635561044), 'tData_3_std': np.float64(0.40108548367821956), 'tData_3_range': np.int64(1), 'tData_3_rate_std': np.float64(0.21320071635561044), 'tData_4_std': np.float64(0.0), 'tData_4_range': np.int64(0), 'tData_4_rate_std': np.float64(0.0), 'pData_std': np.float64(13.471261233717247), 'pData_range': np.int64(60), 'pData_rate_std': np.float64(16.12310594936799), 'pData_2_std': np.float64(17.174242031949493), 'pData_2_range': np.int64(89), 'pData_2_rate_std': np.float64(25.406692031825003), 'pData_3_std': np.float64(7.463955253035999), 'pData_3_range': np.int64(44), 'pData_3_rate_std': np.float64(11.051532185012341), 'pData_4_std': np.float64(8.067978094380338), 'pData_4_range': np.int64(36), 'pData_4_rate_std': np.float64(11.577800073651925)}"
27,"{'tData_std': np.float64(0.5107539184552492), 'tData_range': np.int64(1), 'tData_rate_std': np.float64(0.20851441405707477), 'tData_2_std': np.float64(1.1970676733137329), 'tData_2_range': np.int64(3), 'tData_2_rate_std': np.float64(0.7674195764535269), 'tData_3_std': np.float64(0.6468989572333266), 'tData_3_range': np.int64(2), 'tData_3_rate_std': np.float64(0.3665888047644883), 'tData_4_std': np.float64(0.8998792189486611), 'tData_4_range': np.int64(3), 'tData_4_rate_std': np.float64(0.4746540241984124), 'pData_std': np.float64(28.962744685373742), 'pData_range': np.int64(97), 'pData_rate_std': np.float64(40.559720278755734), 'pData_2_std': np.float64(33.40720980068025), 'pData_2_range': np.int64(119), 'pData_2_rate_std': np.float64(48.259222633295295), 'pData_3_std': np.float64(17.276470972839398), 'pData_3_range': np.int64(67), 'pData_3_rate_std': np.float64(25.709920264364882), 'pData_4_std': np.float64(19.61347510761674), 'pData_4_range': np.int64(79), 'pData_4_rate_std': np.float64(29.072010907087563)}"
28,"{'tData_std': np.float64(0.8171628369185765), 'tData_range': np.int64(2), 'tData_rate_std': np.float64(0.4782692720619206), 'tData_2_std': np.float64(0.8040712731125879), 'tData_2_range': np.int64(2), 'tData_2_rate_std': np.float64(0.3511400286607768), 'tData_3_std': np.float64(0.4785181206984065), 'tData_3_range': np.int64(1), 'tData_3_rate_std': np.float64(0.14285714285714285), 'tData_4_std': np.float64(0.7230886134196437), 'tData_4_range': np.int64(2), 'tData_4_rate_std': np.float64(0.4325214791567845), 'pData_std': np.float64(22.24102662437421), 'pData_range': np.int64(73), 'pData_rate_std': np.float64(35.08620336637561), 'pData_2_std': np.float64(22.06484876495663), 'pData_2_range': np.int64(66), 'pData_2_rate_std': np.float64(33.25031328173215), 'pData_3_std': np.float64(12.277821384886803), 'pData_3_range': np.int64(46), 'pData_3_rate_std': np.float64(19.21371038260613), 'pData_4_std': np.float64(18.10920388382997), 'pData_4_range': np.int64(68), 'pData_4_rate_std': np.float64(28.699593493056074)}"
29,"{'tData_std': np.float64(0.49420399497827033), 'tData_range': np.int64(1), 'tData_rate_std': np.float64(0.3611575592573076), 'tData_2_std': np.float64(0.4593396431851037), 'tData_2_range': np.int64(2), 'tData_2_rate_std': np.float64(0.29488391230979427), 'tData_3_std': np.float64(0.0), 'tData_3_range': np.int64(0), 'tData_3_rate_std': np.float64(0.0), 'tData_4_std': np.float64(0.6399800528806397), 'tData_4_range': np.int64(2), 'tData_4_rate_std': np.float64(0.32898802027400825), 'pData_std': np.float64(15.985310189169669), 'pData_range': np.int64(56), 'pData_rate_std': np.float64(24.78867202714912), 'pData_2_std': np.float64(18.10646215115492), 'pData_2_range': np.int64(60), 'pData_2_rate_std': np.float64(27.732016783072492), 'pData_3_std': np.float64(9.246597035536299), 'pData_3_range': np.int64(40), 'pData_3_rate_std': np.float64(14.263056566132509), 'pData_4_std': np.float64(11.971523540741373), 'pData_4_range': np.int64(54), 'pData_4_rate_std': np.float64(18.279235071047385)}"
30,"{'tData_std': np.float64(0.0), 'tData_range': np.int64(0), 'tData_rate_std': np.float64(0.0), 'tData_2_std': np.float64(0.0), 'tData_2_range': np.int64(0), 'tData_2_rate_std': np.float64(0.0), 'tData_3_std': np.float64(0.0), 'tData_3_range': np.int64(0), 'tData_3_rate_std': np.float64(0.0), 'tData_4_std': np.float64(0.0), 'tData_4_range': np.int64(0), 'tData_4_rate_std': np.float64(0.0), 'pData_std': np.float64(0.21320071635561047), 'pData_range': np.int64(1), 'pData_rate_std': np.float64(0.31622776601683794), 'pData_2_std': np.float64(0.0), 'pData_2_range': np.int64(0), 'pData_2_rate_std': np.float64(0.0), 'pData_3_std': np.float64(0.0), 'pData_3_range': np.int64(0), 'pData_3_rate_std': np.float64(0.0), 'pData_4_std': np.float64(0.0), 'pData_4_range': np.int64(0), 'pData_4_rate_std': np.float64(0.0)}"
31,"{'tData_std': np.float64(0.5029641865709455), 'tData_range': np.int64(1), 'tData_rate_std': np.float64(0.3310423554409472), 'tData_2_std': np.float64(0.0), 'tData_2_range': np.int64(0), 'tData_2_rate_std': np.float64(0.0), 'tData_3_std': np.float64(0.0), 'tData_3_range': np.int64(0), 'tData_3_rate_std': np.float64(0.0), 'tData_4_std': np.float64(0.4745789978762495), 'tData_4_range': np.int64(1), 'tData_4_rate_std': np.float64(0.2340822943922611), 'pData_std': np.float64(0.46961744062645344), 'pData_range': np.int64(1), 'pData_rate_std': np.float64(0.5234239225902136), 'pData_2_std': np.float64(0.4902656018530775), 'pData_2_range': np.int64(1), 'pData_2_rate_std': np.float64(0.5234239225902136), 'pData_3_std': np.float64(0.5773502691896258), 'pData_3_range': np.int64(5), 'pData_3_rate_std': np.float64(0.827605888602368), 'pData_4_std': np.float64(0.0), 'pData_4_range': np.int64(0), 'pData_4_rate_std': np.float64(0.0)}"
32,"{'tData_std': np.float64(0.0), 'tData_range': np.int64(0), 'tData_rate_std': np.float64(0.0), 'tData_2_std': np.float64(0.0), 'tData_2_range': np.int64(0), 'tData_2_rate_std': np.float64(0.0), 'tData_3_std': np.float64(0.0), 'tData_3_range': np.int64(0), 'tData_3_rate_std': np.float64(0.0), 'tData_4_std': np.float64(0.6623708763718502), 'tData_4_range': np.int64(2), 'tData_4_rate_std': np.float64(0.37509017674772643), 'pData_std': np.float64(0.4704719688969648), 'pData_range': np.int64(1), 'pData_rate_std': np.float64(0.4364357804719847), 'pData_2_std': np.float64(0.4489777585448796), 'pData_2_range': np.int64(1), 'pData_2_rate_std': np.float64(0.5754727023663514), 'pData_3_std': np.float64(0.8340576562282992), 'pData_3_range': np.int64(4), 'pData_3_rate_std': np.float64(1.2344267996967353), 'pData_4_std': np.float64(71.71953499294834), 'pData_4_range': np.int64(240), 'pData_4_rate_std': np.float64(57.799324431708584)}"
33,"{'tData_std': np.float64(0.6295375694990795), 'tData_range': np.int64(3), 'tData_rate_std': np.float64(0.2530123737624794), 'tData_2_std': np.float64(0.8031501822249899), 'tData_2_range': np.int64(4), 'tData_2_rate_std': np.float64(0.25301237376247937), 'tData_3_std': np.float64(0.4245007194718729), 'tData_3_range': np.int64(1), 'tData_3_rate_std': np.float64(0.15686425431515835), 'tData_4_std': np.float64(0.6741095761875775), 'tData_4_range': np.int64(2), 'tData_4_rate_std': np.float64(0.2626128657194451), 'pData_std': np.float64(17.027230842044002), 'pData_range': np.int64(116), 'pData_rate_std': np.float64(17.35488744494187), 'pData_2_std': np.float64(22.549840647934744), 'pData_2_range': np.int64(136), 'pData_2_rate_std': np.float64(17.783866656659807), 'pData_3_std': np.float64(18.68084793010886), 'pData_3_range': np.int64(120), 'pData_3_rate_std': np.float64(14.353043308537348), 'pData_4_std': np.float64(24.721886824987084), 'pData_4_range': np.int64(128), 'pData_4_rate_std': np.float64(19.14271009428118)}"
34,"{'tData_std': np.float64(0.0), 'tData_range': np.int64(0), 'tData_rate_std': np.float64(0.0), 'tData_2_std': np.float64(0.37719547023291206), 'tData_2_range': np.int64(1), 'tData_2_rate_std': np.float64(0.22360679774997896), 'tData_3_std': np.float64(0.538850671761303), 'tData_3_range': np.int64(2), 'tData_3_rate_std': np.float64(0.3872983346207417), 'tData_4_std': np.float64(0.32777006756156785), 'tData_4_range': np.int64(1), 'tData_4_rate_std': np.float64(0.15617376188860604), 'pData_std': np.float64(17.817828965280945), 'pData_range': np.int64(67), 'pData_rate_std': np.float64(22.33549619426223), 'pData_2_std': np.float64(24.511025275301268), 'pData_2_range': np.int64(92), 'pData_2_rate_std': np.float64(32.96892476256998), 'pData_3_std': np.float64(16.22225139078514), 'pData_3_range': np.int64(64), 'pData_3_rate_std': np.float64(19.96121238802894), 'pData_4_std': np.float64(20.6126405969966), 'pData_4_range': np.int64(77), 'pData_4_rate_std': np.float64(31.192146447463344)}"
35,"{'tData_std': np.float64(0.25776963111323353), 'tData_range': np.int64(1), 'tData_rate_std': np.float64(0.26942533588065143), 'tData_2_std': np.float64(0.8372554435420911), 'tData_2_range': np.int64(3), 'tData_2_rate_std': np.float64(0.40682333571322604), 'tData_3_std': np.float64(0.7283227595523492), 'tData_3_range': np.int64(3), 'tData_3_rate_std': np.float64(0.40682333571322604), 'tData_4_std': np.float64(0.49471179121551506), 'tData_4_range': np.int64(1), 'tData_4_rate_std': np.float64(0.2208630521496931), 'pData_std': np.float64(41.412705557797516), 'pData_range': np.int64(219), 'pData_rate_std': np.float64(53.535257630124555), 'pData_2_std': np.float64(40.25592271206535), 'pData_2_range': np.int64(177), 'pData_2_rate_std': np.float64(46.35967549708606), 'pData_3_std': np.float64(21.704983581941697), 'pData_3_range': np.int64(124), 'pData_3_rate_std': np.float64(30.540656628780482), 'pData_4_std': np.float64(44.79285410102886), 'pData_4_range': np.int64(261), 'pData_4_rate_std': np.float64(55.645655934585264)}"
36,"{'tData_std': np.float64(0.15015465060444597), 'tData_range': np.int64(1), 'tData_rate_std': np.float64(0.1522038868295523), 'tData_2_std': np.float64(0.7533792619975006), 'tData_2_range': np.int64(2), 'tData_2_rate_std': np.float64(0.18637109414870304), 'tData_3_std': np.float64(1.1797360672323758), 'tData_3_range': np.int64(4), 'tData_3_rate_std': np.float64(0.1520086283953089), 'tData_4_std': np.float64(0.908842502835454), 'tData_4_range': np.int64(3), 'tData_4_rate_std': np.float64(0.23236749771569606), 'pData_std': np.float64(11.529435412513884), 'pData_range': np.int64(150), 'pData_rate_std': np.float64(13.814685844981957), 'pData_2_std': np.float64(12.979730962395731), 'pData_2_range': np.int64(119), 'pData_2_rate_std': np.float64(12.531656380639058), 'pData_3_std': np.float64(1.0505917381622247), 'pData_3_range': np.int64(15), 'pData_3_rate_std': np.float64(1.4938742355567391), 'pData_4_std': np.float64(19.312512798809614), 'pData_4_range': np.int64(201), 'pData_4_rate_std': np.float64(15.790129363883796)}"
37,"{'tData_std': np.float64(0.16903085094570333), 'tData_range': np.int64(1), 'tData_rate_std': np.float64(0.17149858514250882), 'tData_2_std': np.float64(0.49365724849494175), 'tData_2_range': np.int64(2), 'tData_2_rate_std': np.float64(0.30002970738235735), 'tData_3_std': np.float64(0.42604296149803583), 'tData_3_range': np.int64(1), 'tData_3_rate_std': np.float64(0.3481553119113957), 'tData_4_std': np.float64(0.2840286409986905), 'tData_4_range': np.int64(1), 'tData_4_rate_std': np.float64(0.17149858514250882), 'pData_std': np.float64(45.44961195533749), 'pData_range': np.int64(265), 'pData_rate_std': np.float64(56.332347131406955), 'pData_2_std': np.float64(35.12027353887464), 'pData_2_range': np.int64(166), 'pData_2_rate_std': np.float64(37.10019194592182), 'pData_3_std': np.float64(20.4527329644301), 'pData_3_range': np.int64(121), 'pData_3_rate_std': np.float64(29.78814081699852), 'pData_4_std': np.float64(56.95565133055187), 'pData_4_range': np.int64(319), 'pData_4_rate_std': np.float64(67.49680127100974)}"
38,"{'tData_std': np.float64(0.8964130301177078), 'tData_range': np.int64(5), 'tData_rate_std': np.float64(0.15598525354684506), 'tData_2_std': np.float64(0.0), 'tData_2_range': np.int64(0), 'tData_2_rate_std': np.float64(0.0), 'tData_3_std': np.float64(0.35724904890546505), 'tData_3_range': np.int64(1), 'tData_3_rate_std': np.float64(0.17599275930399416), 'tData_4_std': np.float64(0.21026963852569186), 'tData_4_range': np.int64(1), 'tData_4_rate_std': np.float64(0.09407208683835973), 'pData_std': np.float64(2.762389750408192), 'pData_range': np.int64(32), 'pData_rate_std': np.float64(1.4618989726194662), 'pData_2_std': np.float64(0.46576654223075986), 'pData_2_range': np.int64(2), 'pData_2_rate_std': np.float64(0.33256568310557827), 'pData_3_std': np.float64(2.093631760439972), 'pData_3_range': np.int64(22), 'pData_3_rate_std': np.float64(2.8479149336008174), 'pData_4_std': np.float64(0.5645202227998529), 'pData_4_range': np.int64(9), 'pData_4_rate_std': np.float64(0.8009949565097038)}"
39,"{'tData_std': np.float64(1.8312554630750484), 'tData_range': np.int64(6), 'tData_rate_std': np.float64(0.2625199876031116), 'tData_2_std': np.float64(0.49830680177483444), 'tData_2_range': np.int64(1), 'tData_2_rate_std': np.float64(0.23330464819508795), 'tData_3_std': np.float64(0.9570108652436187), 'tData_3_range': np.int64(4), 'tData_3_rate_std': np.float64(0.29834772362229656), 'tData_4_std': np.float64(1.229133770251004), 'tData_4_range': np.int64(4), 'tData_4_rate_std': np.float64(0.19876220389087246), 'pData_std': np.float64(15.842189971613362), 'pData_range': np.int64(143), 'pData_rate_std': np.float64(10.781124657504503), 'pData_2_std': np.float64(0.5037289712344617), 'pData_2_range': np.int64(2), 'pData_2_rate_std': np.float64(0.4719617469166353), 'pData_3_std': np.float64(10.033451246686594), 'pData_3_range': np.int64(61), 'pData_3_rate_std': np.float64(4.419802423790744), 'pData_4_std': np.float64(19.457371296968166), 'pData_4_range': np.int64(165), 'pData_4_rate_std': np.float64(11.06864271196557)}"
40,"{'tData_std': np.float64(0.5408816973531607), 'tData_range': np.int64(4), 'tData_rate_std': np.float64(0.14251337622306232), 'tData_2_std': np.float64(0.9067291470571183), 'tData_2_range': np.int64(4), 'tData_2_rate_std': np.float64(0.18540496217739158), 'tData_3_std': np.float64(0.9716769442568705), 'tData_3_range': np.int64(4), 'tData_3_rate_std': np.float64(0.1767766952966369), 'tData_4_std': np.float64(0.8747173362297355), 'tData_4_range': np.int64(2), 'tData_4_rate_std': np.float64(0.0967742197591094), 'pData_std': np.float64(0.8296522524631658), 'pData_range': np.int64(2), 'pData_rate_std': np.float64(0.32111563277110067), 'pData_2_std': np.float64(10.917051885024346), 'pData_2_range': np.int64(85), 'pData_2_rate_std': np.float64(3.1444379862878495), 'pData_3_std': np.float64(15.000971241052122), 'pData_3_range': np.int64(102), 'pData_3_rate_std': np.float64(4.333012808658658), 'pData_4_std': np.float64(1.2810924234592163), 'pData_4_range': np.int64(22), 'pData_4_rate_std': np.float64(1.8191687662226395)}"
41,"{'tData_std': np.float64(0.0), 'tData_range': np.int64(0), 'tData_rate_std': np.float64(0.0), 'tData_2_std': np.float64(0.44316500743292786), 'tData_2_range': np.int64(1), 'tData_2_rate_std': np.float64(0.15626021291204872), 'tData_3_std': np.float64(0.11230676407513751), 'tData_3_range': np.int64(1), 'tData_3_rate_std': np.float64(0.14467284665112362), 'tData_4_std': np.float64(0.8619266241448424), 'tData_4_range': np.int64(2), 'tData_4_rate_std': np.float64(0.1446541755732049), 'pData_std': np.float64(0.5002242881993754), 'pData_range': np.int64(1), 'pData_rate_std': np.float64(0.25288759926150794), 'pData_2_std': np.float64(0.8529760668450453), 'pData_2_range': np.int64(3), 'pData_2_rate_std': np.float64(0.32167719453891563), 'pData_3_std': np.float64(1.5991821343818655), 'pData_3_range': np.int64(34), 'pData_3_rate_std': np.float64(2.2104403433768365), 'pData_4_std': np.float64(0.9237074535619672), 'pData_4_range': np.int64(15), 'pData_4_rate_std': np.float64(1.3109556251692087)}"
42,"{'tData_std': np.float64(0.44400393965887497), 'tData_range': np.int64(1), 'tData_rate_std': np.float64(0.20982172726556322), 'tData_2_std': np.float64(0.4533055188467574), 'tData_2_range': np.int64(2), 'tData_2_rate_std': np.float64(0.17733172553297716), 'tData_3_std': np.float64(0.705969841372774), 'tData_3_range': np.int64(3), 'tData_3_rate_std': np.float64(0.23119096359297772), 'tData_4_std': np.float64(0.7633606197182804), 'tData_4_range': np.int64(2), 'tData_4_rate_std': np.float64(0.17722051089329344), 'pData_std': np.float64(0.3449137823302793), 'pData_range': np.int64(1), 'pData_rate_std': np.float64(0.3501880231877676), 'pData_2_std': np.float64(10.82084804214056), 'pData_2_range': np.int64(142), 'pData_2_rate_std': np.float64(7.8863761717318495), 'pData_3_std': np.float64(23.31111645696575), 'pData_3_range': np.int64(226), 'pData_3_rate_std': np.float64(15.100918377670167), 'pData_4_std': np.float64(0.8297408195251135), 'pData_4_range': np.int64(11), 'pData_4_rate_std': np.float64(1.1789559393455884)}"
43,"{'tData_std': np.float64(2.9501141172519487), 'tData_range': np.int64(8), 'tData_rate_std': np.float64(0.3447875313378582), 'tData_2_std': np.float64(3.5842521394261153), 'tData_2_range': np.int64(10), 'tData_2_rate_std': np.float64(0.1781010641800681), 'tData_3_std': np.float64(3.12513545502274), 'tData_3_range': np.int64(8), 'tData_3_rate_std': np.float64(0.17831352493260855), 'tData_4_std': np.float64(2.520662738355445), 'tData_4_range': np.int64(8), 'tData_4_rate_std': np.float64(0.20125602111019752), 'pData_std': np.float64(32.530344514735205), 'pData_range': np.int64(295), 'pData_rate_std': np.float64(37.4626083257692), 'pData_2_std': np.float64(35.36393523682663), 'pData_2_range': np.int64(240), 'pData_2_rate_std': np.float64(37.400213504941156), 'pData_3_std': np.float64(21.090435965860433), 'pData_3_range': np.int64(240), 'pData_3_rate_std': np.float64(18.08582667976905), 'pData_4_std': np.float64(43.40289594114105), 'pData_4_range': np.int64(426), 'pData_4_rate_std': np.float64(42.92576371051101)}"
44,"{'tData_std': np.float64(0.0), 'tData_range': np.int64(0), 'tData_rate_std': np.float64(0.0), 'tData_2_std': np.float64(0.0), 'tData_2_range': np.int64(0), 'tData_2_rate_std': np.float64(0.0), 'tData_3_std': np.float64(0.0), 'tData_3_range': np.int64(0), 'tData_3_rate_std': np.float64(0.0), 'tData_4_std': np.float64(0.0), 'tData_4_range': np.int64(0), 'tData_4_rate_std': np.float64(0.0), 'pData_std': np.float64(1.0797107951065037), 'pData_range': np.int64(4), 'pData_rate_std': np.float64(0.7044232543095955), 'pData_2_std': np.float64(17.648882852850893), 'pData_2_range': np.int64(74), 'pData_2_rate_std': np.float64(5.09697622779101), 'pData_3_std': np.float64(18.576934503401578), 'pData_3_range': np.int64(71), 'pData_3_rate_std': np.float64(6.066394016517256), 'pData_4_std': np.float64(0.0), 'pData_4_range': np.int64(0), 'pData_4_rate_std': np.float64(0.0)}"
47,"{'tData_std': np.float64(1.614517233739525), 'tData_range': np.int64(7), 'tData_rate_std': np.float64(0.28882519532122986), 'tData_2_std': np.float64(1.6677596769552905), 'tData_2_range': np.int64(7), 'tData_2_rate_std': np.float64(0.21723269929040614), 'tData_3_std': np.float64(1.3667745862237444), 'tData_3_range': np.int64(7), 'tData_3_rate_std': np.float64(0.2342646528835627), 'tData_4_std': np.float64(1.2150011843694861), 'tData_4_range': np.int64(7), 'tData_4_rate_std': np.float64(0.23891448621500727), 'pData_std': np.float64(14.822684706182192), 'pData_range': np.int64(209), 'pData_rate_std': np.float64(17.601454385572133), 'pData_2_std': np.float64(15.982298403021742), 'pData_2_range': np.int64(133), 'pData_2_rate_std': np.float64(15.062912341601056), 'pData_3_std': np.float64(28.824173456361933), 'pData_3_range': np.int64(186), 'pData_3_rate_std': np.float64(23.17688389992597), 'pData_4_std': np.float64(16.661507291200714), 'pData_4_range': np.int64(183), 'pData_4_rate_std': np.float64(20.925197390699484)}"
48,"{'tData_std': np.float64(1.8385228877045714), 'tData_range': np.int64(5), 'tData_rate_std': np.float64(0.22137600194360788), 'tData_2_std': np.float64(2.280284826620174), 'tData_2_range': np.int64(6), 'tData_2_rate_std': np.float64(0.2632993394633877), 'tData_3_std': np.float64(1.8200171419404183), 'tData_3_range': np.int64(5), 'tData_3_rate_std': np.float64(0.26104806112552825), 'tData_4_std': np.float64(1.9736070872323772), 'tData_4_range': np.int64(5), 'tData_4_rate_std': np.float64(0.2517169069057186), 'pData_std': np.float64(16.33329139128391), 'pData_range': np.int64(192), 'pData_rate_std': np.float64(19.981450728256487), 'pData_2_std': np.float64(16.908456184402482), 'pData_2_range': np.int64(124), 'pData_2_rate_std': np.float64(18.205367524402373), 'pData_3_std': np.float64(37.66104048554198), 'pData_3_range': np.int64(258), 'pData_3_rate_std': np.float64(32.44553773110082), 'pData_4_std': np.float64(20.288622242926564), 'pData_4_range': np.int64(210), 'pData_4_rate_std': np.float64(25.934634432702047)}"
49,"{'tData_std': np.float64(2.0123173545692543), 'tData_range': np.int64(7), 'tData_rate_std': np.float64(0.2025186181624596), 'tData_2_std': np.float64(2.205634232375234), 'tData_2_range': np.int64(8), 'tData_2_rate_std': np.float64(0.20915194005056753), 'tData_3_std': np.float64(1.8415312678938662), 'tData_3_range': np.int64(7), 'tData_3_rate_std': np.float64(0.22431553697316267), 'tData_4_std': np.float64(2.061422485654062), 'tData_4_range': np.int64(8), 'tData_4_rate_std': np.float64(0.2052020531236275), 'pData_std': np.float64(27.679703876422614), 'pData_range': np.int64(254), 'pData_rate_std': np.float64(32.42864562491401), 'pData_2_std': np.float64(24.15679382523893), 'pData_2_range': np.int64(208), 'pData_2_rate_std': np.float64(28.41443641245497), 'pData_3_std': np.float64(15.199423799739202), 'pData_3_range': np.int64(154), 'pData_3_rate_std': np.float64(18.403691000741286), 'pData_4_std': np.float64(9.681274745633113), 'pData_4_range': np.int64(162), 'pData_4_rate_std': np.float64(12.135089364033762)}"
50,"{'tData_std': np.float64(1.9014260807793708), 'tData_range': np.int64(5), 'tData_rate_std': np.float64(0.24130120151830334), 'tData_2_std': np.float64(2.2228074674350102), 'tData_2_range': np.int64(6), 'tData_2_rate_std': np.float64(0.23634153459263157), 'tData_3_std': np.float64(0.8054138831860518), 'tData_3_range': np.int64(4), 'tData_3_rate_std': np.float64(0.13647833126692555), 'tData_4_std': np.float64(0.32337319938919323), 'tData_4_range': np.int64(1), 'tData_4_rate_std': np.float64(0.13655774839978377), 'pData_std': np.float64(1.8343385532720748), 'pData_range': np.int64(20), 'pData_rate_std': np.float64(0.8980683751957902), 'pData_2_std': np.float64(7.496896964149952), 'pData_2_range': np.int64(71), 'pData_2_rate_std': np.float64(3.207289800716116), 'pData_3_std': np.float64(15.274648858483118), 'pData_3_range': np.int64(180), 'pData_3_rate_std': np.float64(9.086222568231562), 'pData_4_std': np.float64(1.0808067875111032), 'pData_4_range': np.int64(12), 'pData_4_rate_std': np.float64(1.5374122295716148)}"
51,"{'tData_std': np.float64(0.0), 'tData_range': np.int64(0), 'tData_rate_std': np.float64(0.0), 'tData_2_std': np.float64(0.0), 'tData_2_range': np.int64(0), 'tData_2_rate_std': np.float64(0.0), 'tData_3_std': np.float64(0.0), 'tData_3_range': np.int64(0), 'tData_3_rate_std': np.float64(0.0), 'tData_4_std': np.float64(0.0), 'tData_4_range': np.int64(0), 'tData_4_rate_std': np.float64(0.0), 'pData_std': np.float64(0.0), 'pData_range': np.int64(0), 'pData_rate_std': np.float64(0.0), 'pData_2_std': np.float64(0.49949672860925526), 'pData_2_range': np.int64(1), 'pData_2_rate_std': np.float64(0.46603032627754165), 'pData_3_std': np.float64(0.0), 'pData_3_range': np.int64(0), 'pData_3_rate_std': np.float64(0.0), 'pData_4_std': np.float64(0.0), 'pData_4_range': np.int64(0), 'pData_4_rate_std': np.float64(0.0)}"
52,"{'tData_std': np.float64(0.0), 'tData_range': np.int64(0), 'tData_rate_std': np.float64(0.0), 'tData_2_std': np.float64(0.0), 'tData_2_range': np.int64(0), 'tData_2_rate_std': np.float64(0.0), 'tData_3_std': np.float64(0.0), 'tData_3_range': np.int64(0), 'tData_3_rate_std': np.float64(0.0), 'tData_4_std': np.float64(0.0), 'tData_4_range': np.int64(0), 'tData_4_rate_std': np.float64(0.0), 'pData_std': np.float64(0.0), 'pData_range': np.int64(0), 'pData_rate_std': np.float64(0.0), 'pData_2_std': np.float64(0.0), 'pData_2_range': np.int64(0), 'pData_2_rate_std': np.float64(0.0), 'pData_3_std': np.float64(0.0), 'pData_3_range': np.int64(0), 'pData_3_rate_std': np.float64(0.0), 'pData_4_std': np.float64(0.0), 'pData_4_range': np.int64(0), 'pData_4_rate_std': np.float64(0.0)}"
56,"{'tData_std': np.float64(0.5019960159204453), 'tData_range': np.int64(1), 'tData_rate_std': np.float64(0.254000254000381), 'tData_2_std': np.float64(0.5059644256269408), 'tData_2_range': np.int64(2), 'tData_2_rate_std': np.float64(0.32368842047312585), 'tData_3_std': np.float64(0.2585674822114004), 'tData_3_range': np.int64(1), 'tData_3_rate_std': np.float64(0.3110855084191276), 'tData_4_std': np.float64(0.5307676381565534), 'tData_4_range': np.int64(2), 'tData_4_rate_std': np.float64(0.254000254000381), 'pData_std': np.float64(0.44969125210773475), 'pData_range': np.int64(1), 'pData_rate_std': np.float64(0.43060347750419947), 'pData_2_std': np.float64(0.5019327723276374), 'pData_2_range': np.int64(1), 'pData_2_rate_std': np.float64(0.483535367489187), 'pData_3_std': np.float64(0.0890870806374748), 'pData_3_range': np.int64(1), 'pData_3_rate_std': np.float64(0.1270001270001905), 'pData_4_std': np.float64(0.0), 'pData_4_range': np.int64(0), 'pData_4_rate_std': np.float64(0.0)}"
57,"{'tData_std': np.float64(0.0), 'tData_range': np.int64(0), 'tData_rate_std': np.float64(0.0), 'tData_2_std': np.float64(0.0), 'tData_2_range': np.int64(0), 'tData_2_rate_std': np.float64(0.0), 'tData_3_std': np.float64(0.0), 'tData_3_range': np.int64(0), 'tData_3_rate_std': np.float64(0.0), 'tData_4_std': np.float64(0.0), 'tData_4_range': np.int64(0), 'tData_4_rate_std': np.float64(0.0), 'pData_std': np.float64(0.0), 'pData_range': np.int64(0), 'pData_rate_std': np.float64(0.0), 'pData_2_std': np.float64(0.19418390934515434), 'pData_2_range': np.int64(1), 'pData_2_rate_std': np.float64(0.282842712474619), 'pData_3_std': np.float64(0.3643213074786545), 'pData_3_range': np.int64(1), 'pData_3_rate_std': np.float64(0.34641016151377546), 'pData_4_std': np.float64(0.0), 'pData_4_range': np.int64(0), 'pData_4_rate_std': np.float64(0.0)}"
58,"{'tData_std': np.float64(0.4371981142939561), 'tData_range': np.int64(2), 'tData_rate_std': np.float64(0.22941573387056177), 'tData_2_std': np.float64(0.11322770341445956), 'tData_2_range': np.int64(1), 'tData_2_rate_std': np.float64(0.16222142113076254), 'tData_3_std': np.float64(0.11322770341445956), 'tData_3_range': np.int64(1), 'tData_3_rate_std': np.float64(0.16222142113076254), 'tData_4_std': np.float64(0.43719811429395616), 'tData_4_range': np.int64(2), 'tData_4_rate_std': np.float64(0.22941573387056177), 'pData_std': np.float64(0.4739290290842339), 'pData_range': np.int64(2), 'pData_rate_std': np.float64(0.3627381250550058), 'pData_2_std': np.float64(0.3452739770300091), 'pData_2_range': np.int64(2), 'pData_2_rate_std': np.float64(0.39735970711951313), 'pData_3_std': np.float64(0.4972451580988469), 'pData_3_range': np.int64(1), 'pData_3_rate_std': np.float64(0.512989176042577), 'pData_4_std': np.float64(0.0), 'pData_4_range': np.int64(0), 'pData_4_rate_std': np.float64(0.0)}"
59,"{'tData_std': np.float64(0.38522957633600546), 'tData_range': np.int64(1), 'tData_rate_std': np.float64(0.29070094986690553), 'tData_2_std': np.float64(0.4620284835750965), 'tData_2_range': np.int64(1), 'tData_2_rate_std': np.float64(0.23735633163877068), 'tData_3_std': np.float64(0.4620284835750965), 'tData_3_range': np.int64(1), 'tData_3_rate_std': np.float64(0.23735633163877068), 'tData_4_std': np.float64(0.4620284835750965), 'tData_4_range': np.int64(1), 'tData_4_rate_std': np.float64(0.23735633163877068), 'pData_std': np.float64(0.44182064172246943), 'pData_range': np.int64(1), 'pData_rate_std': np.float64(0.47471266327754136), 'pData_2_std': np.float64(0.47301616487964016), 'pData_2_range': np.int64(1), 'pData_2_rate_std': np.float64(0.3933623765835061), 'pData_3_std': np.float64(0.27655744116700276), 'pData_3_range': np.int64(1), 'pData_3_rate_std': np.float64(0.411113225896519), 'pData_4_std': np.float64(0.0), 'pData_4_range': np.int64(0), 'pData_4_rate_std': np.float64(0.0)}"
60,"{'tData_std': np.float64(0.21336800466768926), 'tData_range': np.int64(2), 'tData_rate_std': np.float64(0.11593882484819637), 'tData_2_std': np.float64(0.10468374099013741), 'tData_2_range': np.int64(2), 'tData_2_rate_std': np.float64(0.11895072446044183), 'tData_3_std': np.float64(0.06764439628037247), 'tData_3_range': np.int64(1), 'tData_3_rate_std': np.float64(0.0921388349709197), 'tData_4_std': np.float64(0.5094478715605821), 'tData_4_range': np.int64(2), 'tData_4_rate_std': np.float64(0.1606931906418112), 'pData_std': np.float64(0.5322829686870737), 'pData_range': np.int64(2), 'pData_rate_std': np.float64(0.4798742784274749), 'pData_2_std': np.float64(0.45744832840757227), 'pData_2_range': np.int64(2), 'pData_2_rate_std': np.float64(0.3642105526115469), 'pData_3_std': np.float64(0.41753385703692186), 'pData_3_range': np.int64(1), 'pData_3_rate_std': np.float64(0.36128511650240835), 'pData_4_std': np.float64(0.0), 'pData_4_range': np.int64(0), 'pData_4_rate_std': np.float64(0.0)}"
62,"{'tData_std': np.float64(0.21674586581068414), 'tData_range': np.int64(1), 'tData_rate_std': np.float64(0.09848513109869263), 'tData_2_std': np.float64(0.06213662687842737), 'tData_2_range': np.int64(1), 'tData_2_rate_std': np.float64(0.08808777916386211), 'tData_3_std': np.float64(0.06213662687842737), 'tData_3_range': np.int64(1), 'tData_3_rate_std': np.float64(0.08808777916386211), 'tData_4_std': np.float64(0.21674586581068414), 'tData_4_range': np.int64(1), 'tData_4_rate_std': np.float64(0.09848513109869263), 'pData_std': np.float64(0.2563935155106709), 'pData_range': np.int64(1), 'pData_rate_std': np.float64(0.3083072270735174), 'pData_2_std': np.float64(0.13443296227756418), 'pData_2_range': np.int64(1), 'pData_2_rate_std': np.float64(0.1705812508530173), 'pData_3_std': np.float64(0.08770349830434064), 'pData_3_range': np.int64(1), 'pData_3_rate_std': np.float64(0.12457493197285992), 'pData_4_std': np.float64(0.0), 'pData_4_range': np.int64(0), 'pData_4_rate_std': np.float64(0.0)}"
64,"{'tData_std': np.float64(0.5228006735940369), 'tData_range': np.int64(2), 'tData_rate_std': np.float64(0.19964556937972053), 'tData_2_std': np.float64(0.8544821023883871), 'tData_2_range': np.int64(2), 'tData_2_rate_std': np.float64(0.11013045593488635), 'tData_3_std': np.float64(0.9160095268148052), 'tData_3_range': np.int64(2), 'tData_3_rate_std': np.float64(0.1019147669917336), 'tData_4_std': np.float64(1.0246380657097967), 'tData_4_range': np.int64(3), 'tData_4_rate_std': np.float64(0.2039177782479303), 'pData_std': np.float64(0.5452330196564998), 'pData_range': np.int64(2), 'pData_rate_std': np.float64(0.45603976840178256), 'pData_2_std': np.float64(0.6985591544168701), 'pData_2_range': np.int64(5), 'pData_2_rate_std': np.float64(0.4078943690358586), 'pData_3_std': np.float64(1.7215870718279405), 'pData_3_range': np.int64(18), 'pData_3_rate_std': np.float64(0.8772100092603939), 'pData_4_std': np.float64(0.0), 'pData_4_range': np.int64(0), 'pData_4_rate_std': np.float64(0.0)}"
65,"{'tData_std': np.float64(0.11965384224691827), 'tData_range': np.int64(1), 'tData_rate_std': np.float64(0.13026778945578593), 'tData_2_std': np.float64(0.2635019199112608), 'tData_2_range': np.int64(1), 'tData_2_rate_std': np.float64(0.2412090756622109), 'tData_3_std': np.float64(0.4714038306966302), 'tData_3_range': np.int64(1), 'tData_3_rate_std': np.float64(0.3015089110623371), 'tData_4_std': np.float64(1.2196309567324863), 'tData_4_range': np.int64(3), 'tData_4_rate_std': np.float64(0.31716376444072136), 'pData_std': np.float64(0.4269326195733931), 'pData_range': np.int64(3), 'pData_rate_std': np.float64(0.34464765914118795), 'pData_2_std': np.float64(0.45070512547558844), 'pData_2_range': np.int64(1), 'pData_2_rate_std': np.float64(0.3284468304302742), 'pData_3_std': np.float64(0.0), 'pData_3_range': np.int64(0), 'pData_3_rate_std': np.float64(0.0), 'pData_4_std': np.float64(0.0), 'pData_4_range': np.int64(0), 'pData_4_rate_std': np.float64(0.0)}"
66,"{'tData_std': np.float64(0.39848774029999107), 'tData_range': np.int64(1), 'tData_rate_std': np.float64(0.05949641173087296), 'tData_2_std': np.float64(0.0), 'tData_2_range': np.int64(0), 'tData_2_rate_std': np.float64(0.0), 'tData_3_std': np.float64(0.0), 'tData_3_range': np.int64(0), 'tData_3_rate_std': np.float64(0.0), 'tData_4_std': np.float64(0.0), 'tData_4_range': np.int64(0), 'tData_4_rate_std': np.float64(0.0), 'pData_std': np.float64(0.1440579961858201), 'pData_range': np.int64(1), 'pData_rate_std': np.float64(0.1682812647646685), 'pData_2_std': np.float64(0.5000296013323974), 'pData_2_range': np.int64(1), 'pData_2_rate_std': np.float64(0.2488850650455734), 'pData_3_std': np.float64(0.0), 'pData_3_range': np.int64(0), 'pData_3_rate_std': np.float64(0.0), 'pData_4_std': np.float64(0.0), 'pData_4_range': np.int64(0), 'pData_4_rate_std': np.float64(0.0)}"
67,"{'tData_std': np.float64(4.426019157825779), 'tData_range': np.int64(13), 'tData_rate_std': np.float64(0.26248997950335795), 'tData_2_std': np.float64(4.576321781386434), 'tData_2_range': np.int64(13), 'tData_2_rate_std': np.float64(0.24922612026617758), 'tData_3_std': np.float64(3.446996068005687), 'tData_3_range': np.int64(10), 'tData_3_rate_std': np.float64(0.22291691230512478), 'tData_4_std': np.float64(16.706127113844985), 'tData_4_range': np.int64(43), 'tData_4_rate_std': np.float64(1.6703321402652465), 'pData_std': np.float64(3.324300101489041), 'pData_range': np.int64(36), 'pData_rate_std': np.float64(1.378967641024051), 'pData_2_std': np.float64(6.9979250928913626), 'pData_2_range': np.int64(63), 'pData_2_rate_std': np.float64(1.1360862759864008), 'pData_3_std': np.float64(0.4146705191333767), 'pData_3_range': np.int64(8), 'pData_3_rate_std': np.float64(0.4227682954931793), 'pData_4_std': np.float64(0.0), 'pData_4_range': np.int64(0), 'pData_4_rate_std': np.float64(0.0)}"
68,"{'tData_std': np.float64(0.11719159099279586), 'tData_range': np.int64(1), 'tData_rate_std': np.float64(0.10562954660396925), 'tData_2_std': np.float64(0.47567423309918255), 'tData_2_range': np.int64(1), 'tData_2_rate_std': np.float64(0.15397389353941582), 'tData_3_std': np.float64(0.3650203242706467), 'tData_3_range': np.int64(2), 'tData_3_rate_std': np.float64(0.20110783566367454), 'tData_4_std': np.float64(1.5211239062281539), 'tData_4_range': np.int64(38), 'tData_4_rate_std': np.float64(1.622711885492735), 'pData_std': np.float64(0.2199906983164963), 'pData_range': np.int64(3), 'pData_rate_std': np.float64(0.16701497773972332), 'pData_2_std': np.float64(0.6284446530288046), 'pData_2_range': np.int64(3), 'pData_2_rate_std': np.float64(0.38810773641189056), 'pData_3_std': np.float64(0.0), 'pData_3_range': np.int64(0), 'pData_3_rate_std': np.float64(0.0), 'pData_4_std': np.float64(0.0), 'pData_4_range': np.int64(0), 'pData_4_rate_std': np.float64(0.0)}"
69,"{'tData_std': np.float64(0.41651590632680646), 'tData_range': np.int64(1), 'tData_rate_std': np.float64(0.20903440093446932), 'tData_2_std': np.float64(0.24741528302212926), 'tData_2_range': np.int64(1), 'tData_2_rate_std': np.float64(0.17666631333439334), 'tData_3_std': np.float64(0.41938524056804394), 'tData_3_range': np.int64(1), 'tData_3_rate_std': np.float64(0.20602655489850288), 'tData_4_std': np.float64(17.632018228069043), 'tData_4_range': np.int64(39), 'tData_4_rate_std': np.float64(1.3156835539445706), 'pData_std': np.float64(1.7507948031328056), 'pData_range': np.int64(6), 'pData_rate_std': np.float64(0.4934005829497324), 'pData_2_std': np.float64(1.4814000122206141), 'pData_2_range': np.int64(4), 'pData_2_rate_std': np.float64(0.24093345511202904), 'pData_3_std': np.float64(0.0), 'pData_3_range': np.int64(0), 'pData_3_rate_std': np.float64(0.0), 'pData_4_std': np.float64(0.0), 'pData_4_range': np.int64(0), 'pData_4_rate_std': np.float64(0.0)}"
70,"{'tData_std': np.float64(0.4988129084871182), 'tData_range': np.int64(1), 'tData_rate_std': np.float64(0.27254169766026765), 'tData_2_std': np.float64(0.0), 'tData_2_range': np.int64(0), 'tData_2_rate_std': np.float64(0.0), 'tData_3_std': np.float64(0.34107344692436553), 'tData_3_range': np.int64(1), 'tData_3_rate_std': np.float64(0.14221435549720943), 'tData_4_std': np.float64(0.0), 'tData_4_range': np.int64(0), 'tData_4_rate_std': np.float64(0.0), 'pData_std': np.float64(0.5631884303265571), 'pData_range': np.int64(2), 'pData_rate_std': np.float64(0.43475027285334145), 'pData_2_std': np.float64(0.5085840325067287), 'pData_2_range': np.int64(2), 'pData_2_rate_std': np.float64(0.36760731104690386), 'pData_3_std': np.float64(0.0), 'pData_3_range': np.int64(0), 'pData_3_rate_std': np.float64(0.0), 'pData_4_std': np.float64(0.0), 'pData_4_range': np.int64(0), 'pData_4_rate_std': np.float64(0.0)}"
71,"{'tData_std': np.float64(0.8815775339242079), 'tData_range': np.int64(4), 'tData_rate_std': np.float64(0.15344795060955865), 'tData_2_std': np.float64(1.0952687275365922), 'tData_2_range': np.int64(4), 'tData_2_rate_std': np.float64(0.21737478522541948), 'tData_3_std': np.float64(1.0064140221648958), 'tData_3_range': np.int64(4), 'tData_3_rate_std': np.float64(0.15344795060955865), 'tData_4_std': np.float64(0.0), 'tData_4_range': np.int64(0), 'tData_4_rate_std': np.float64(0.0), 'pData_std': np.float64(0.7859881206678743), 'pData_range': np.int64(3), 'pData_rate_std': np.float64(0.4026371345475503), 'pData_2_std': np.float64(0.27083382221760915), 'pData_2_range': np.int64(2), 'pData_2_rate_std': np.float64(0.239626912973183), 'pData_3_std': np.float64(0.0), 'pData_3_range': np.int64(0), 'pData_3_rate_std': np.float64(0.0), 'pData_4_std': np.float64(0.0), 'pData_4_range': np.int64(0), 'pData_4_rate_std': np.float64(0.0)}"
72,"{'tData_std': np.float64(0.4780674810520525), 'tData_range': np.int64(1), 'tData_rate_std': np.float64(0.10783277320343843), 'tData_2_std': np.float64(0.5028653529707439), 'tData_2_range': np.int64(1), 'tData_2_rate_std': np.float64(0.10783277320343843), 'tData_3_std': np.float64(0.4953674731351027), 'tData_3_range': np.int64(1), 'tData_3_rate_std': np.float64(0.10783277320343843), 'tData_4_std': np.float64(0.0), 'tData_4_range': np.int64(0), 'tData_4_rate_std': np.float64(0.0), 'pData_std': np.float64(0.23409011577637515), 'pData_range': np.int64(1), 'pData_rate_std': np.float64(0.2656844656620286), 'pData_2_std': np.float64(0.1507355218280167), 'pData_2_range': np.int64(1), 'pData_2_rate_std': np.float64(0.21693045781865616), 'pData_3_std': np.float64(0.0), 'pData_3_range': np.int64(0), 'pData_3_rate_std': np.float64(0.0), 'pData_4_std': np.float64(0.0), 'pData_4_range': np.int64(0), 'pData_4_rate_std': np.float64(0.0)}"
73,"{'tData_std': np.float64(0.5624629386265487), 'tData_range': np.int64(2), 'tData_rate_std': np.float64(0.15534730418034118), 'tData_2_std': np.float64(0.5838932203224505), 'tData_2_range': np.int64(2), 'tData_2_rate_std': np.float64(0.07749772060245892), 'tData_3_std': np.float64(0.563619609892183), 'tData_3_range': np.int64(2), 'tData_3_rate_std': np.float64(0.10976425998969036), 'tData_4_std': np.float64(0.0), 'tData_4_range': np.int64(0), 'tData_4_rate_std': np.float64(0.0), 'pData_std': np.float64(0.8579296429124305), 'pData_range': np.int64(11), 'pData_rate_std': np.float64(0.9770600698433348), 'pData_2_std': np.float64(0.3075917504975236), 'pData_2_range': np.int64(3), 'pData_2_rate_std': np.float64(0.34757664201758476), 'pData_3_std': np.float64(0.0), 'pData_3_range': np.int64(0), 'pData_3_rate_std': np.float64(0.0), 'pData_4_std': np.float64(0.0), 'pData_4_range': np.int64(0), 'pData_4_rate_std': np.float64(0.0)}"
75,"{'tData_std': np.float64(1.4167006724060283), 'tData_range': np.int64(6), 'tData_rate_std': np.float64(0.1504786536856598), 'tData_2_std': np.float64(1.645038097335636), 'tData_2_range': np.int64(7), 'tData_2_rate_std': np.float64(0.12540694204863154), 'tData_3_std': np.float64(1.6168249771801873), 'tData_3_range': np.int64(7), 'tData_3_rate_std': np.float64(0.18436849323199783), 'tData_4_std': np.float64(17.9023113625753), 'tData_4_range': np.int64(40), 'tData_4_rate_std': np.float64(4.509249752822894), 'pData_std': np.float64(0.9405501049367114), 'pData_range': np.int64(4), 'pData_rate_std': np.float64(0.27447634699298196), 'pData_2_std': np.float64(1.7798485443300447), 'pData_2_range': np.int64(6), 'pData_2_rate_std': np.float64(0.430030587463848), 'pData_3_std': np.float64(1.0427569706377542), 'pData_3_range': np.int64(9), 'pData_3_rate_std': np.float64(0.6227318920797759), 'pData_4_std': np.float64(0.0), 'pData_4_range': np.int64(0), 'pData_4_rate_std': np.float64(0.0)}"
78,"{'tData_std': np.float64(0.25), 'tData_range': np.int64(1), 'tData_rate_std': np.float64(0.25819888974716115), 'tData_2_std': np.float64(0.0), 'tData_2_range': np.int64(0), 'tData_2_rate_std': np.float64(0.0), 'tData_3_std': np.float64(0.25), 'tData_3_range': np.int64(1), 'tData_3_rate_std': np.float64(0.25819888974716115), 'tData_4_std': np.float64(0.0), 'tData_4_range': np.int64(0), 'tData_4_rate_std': np.float64(0.0), 'pData_std': np.float64(0.3415650255319866), 'pData_range': np.int64(1), 'pData_rate_std': np.float64(0.3779644730092272), 'pData_2_std': np.float64(0.4031128874149275), 'pData_2_range': np.int64(1), 'pData_2_rate_std': np.float64(0.3779644730092272), 'pData_3_std': np.float64(0.0), 'pData_3_range': np.int64(0), 'pData_3_rate_std': np.float64(0.0), 'pData_4_std': np.float64(0.0), 'pData_4_range': np.int64(0), 'pData_4_rate_std': np.float64(0.0)}"
80,"{'tData_std': np.float64(1.1677246791360425), 'tData_range': np.int64(7), 'tData_rate_std': np.float64(0.15513774735991345), 'tData_2_std': np.float64(0.8000968181922522), 'tData_2_range': np.int64(6), 'tData_2_rate_std': np.float64(0.1276861210180215), 'tData_3_std': np.float64(1.062228107456187), 'tData_3_range': np.int64(7), 'tData_3_rate_std': np.float64(0.15513774735991345), 'tData_4_std': np.float64(5.481861505371625), 'tData_4_range': np.int64(47), 'tData_4_rate_std': np.float64(3.7070522015268033), 'pData_std': np.float64(30.59900879228949), 'pData_range': np.int64(310), 'pData_rate_std': np.float64(11.3715483466959), 'pData_2_std': np.float64(15.364271358275792), 'pData_2_range': np.int64(183), 'pData_2_rate_std': np.float64(5.280780581829839), 'pData_3_std': np.float64(25.69733764062813), 'pData_3_range': np.int64(328), 'pData_3_rate_std': np.float64(8.892910149758459), 'pData_4_std': np.float64(0.0), 'pData_4_range': np.int64(0), 'pData_4_rate_std': np.float64(0.0)}"
81,"{'tData_std': np.float64(1.031707474820232), 'tData_range': np.int64(6), 'tData_rate_std': np.float64(0.16922445376409004), 'tData_2_std': np.float64(0.6645489362560718), 'tData_2_range': np.int64(6), 'tData_2_rate_std': np.float64(0.18579009855234904), 'tData_3_std': np.float64(0.49660612180955294), 'tData_3_range': np.int64(5), 'tData_3_rate_std': np.float64(0.07668626687717749), 'tData_4_std': np.float64(0.0), 'tData_4_range': np.int64(0), 'tData_4_rate_std': np.float64(0.0), 'pData_std': np.float64(16.537499299445482), 'pData_range': np.int64(284), 'pData_rate_std': np.float64(11.946505625204182), 'pData_2_std': np.float64(11.118782534329725), 'pData_2_range': np.int64(251), 'pData_2_rate_std': np.float64(6.969744966752008), 'pData_3_std': np.float64(7.174101711061724), 'pData_3_range': np.int64(209), 'pData_3_rate_std': np.float64(6.236701525787421), 'pData_4_std': np.float64(0.0), 'pData_4_range': np.int64(0), 'pData_4_rate_std': np.float64(0.0)}"
82,"{'tData_std': np.float64(0.0), 'tData_range': np.int64(0), 'tData_rate_std': np.float64(0.0), 'tData_2_std': np.float64(0.47667702832580916), 'tData_2_range': np.int64(1), 'tData_2_rate_std': np.float64(0.0935560539449976), 'tData_3_std': np.float64(0.0), 'tData_3_range': np.int64(0), 'tData_3_rate_std': np.float64(0.0), 'tData_4_std': np.float64(0.0), 'tData_4_range': np.int64(0), 'tData_4_rate_std': np.float64(0.0), 'pData_std': np.float64(0.677521574071365), 'pData_range': np.int64(8), 'pData_rate_std': np.float64(0.47818826015347254), 'pData_2_std': np.float64(0.4752230764004654), 'pData_2_range': np.int64(3), 'pData_2_rate_std': np.float64(0.38573529264313117), 'pData_3_std': np.float64(0.0), 'pData_3_range': np.int64(0), 'pData_3_rate_std': np.float64(0.0), 'pData_4_std': np.float64(0.0), 'pData_4_range': np.int64(0), 'pData_4_rate_std': np.float64(0.0)}"
83,"{'tData_std': np.float64(0.9955391474213369), 'tData_range': np.int64(5), 'tData_rate_std': np.float64(0.1016001016001524), 'tData_2_std': np.float64(0.0), 'tData_2_range': np.int64(0), 'tData_2_rate_std': np.float64(0.0), 'tData_3_std': np.float64(0.29202318332396604), 'tData_3_range': np.int64(1), 'tData_3_rate_std': np.float64(0.08032193289024989), 'tData_4_std': np.float64(9.733194208116425), 'tData_4_range': np.int64(49), 'tData_4_rate_std': np.float64(3.2430571001508297), 'pData_std': np.float64(3.9523254490023048), 'pData_range': np.int64(69), 'pData_rate_std': np.float64(2.3166987353799398), 'pData_2_std': np.float64(1.4000282013892569), 'pData_2_range': np.int64(16), 'pData_2_rate_std': np.float64(0.4839316115987475), 'pData_3_std': np.float64(0.0), 'pData_3_range': np.int64(0), 'pData_3_rate_std': np.float64(0.0), 'pData_4_std': np.float64(11.548668543006173), 'pData_4_range': np.int64(212), 'pData_4_rate_std': np.float64(7.428541297351157)}"
84,"{'tData_std': np.float64(1.3886407878132145), 'tData_range': np.int64(9), 'tData_rate_std': np.float64(0.12573541190842222), 'tData_2_std': np.float64(1.0525494968039357), 'tData_2_range': np.int64(8), 'tData_2_rate_std': np.float64(0.1483477072742317), 'tData_3_std': np.float64(0.82219349488138), 'tData_3_range': np.int64(4), 'tData_3_rate_std': np.float64(0.1391792033839407), 'tData_4_std': np.float64(0.8920160206905647), 'tData_4_range': np.int64(6), 'tData_4_rate_std': np.float64(0.18289957731639336), 'pData_std': np.float64(1.6363374106206845), 'pData_range': np.int64(13), 'pData_rate_std': np.float64(0.48497864633239185), 'pData_2_std': np.float64(1.1835761761784593), 'pData_2_range': np.int64(7), 'pData_2_rate_std': np.float64(0.2752144696072388), 'pData_3_std': np.float64(1.7822045304810847), 'pData_3_range': np.int64(27), 'pData_3_rate_std': np.float64(0.6155116778345158), 'pData_4_std': np.float64(16.547589798683013), 'pData_4_range': np.int64(203), 'pData_4_rate_std': np.float64(5.941713957917298)}"
85,"{'tData_std': np.float64(4.01799319916518), 'tData_range': np.int64(13), 'tData_rate_std': np.float64(0.35588549392450686), 'tData_2_std': np.float64(4.242707569690491), 'tData_2_range': np.int64(14), 'tData_2_rate_std': np.float64(0.37582743296376214), 'tData_3_std': np.float64(3.301156598139471), 'tData_3_range': np.int64(11), 'tData_3_rate_std': np.float64(0.3514451281971682), 'tData_4_std': np.float64(4.262158941025055), 'tData_4_range': np.int64(23), 'tData_4_rate_std': np.float64(1.7399877967687931), 'pData_std': np.float64(30.400334841292054), 'pData_range': np.int64(289), 'pData_rate_std': np.float64(39.431215446256275), 'pData_2_std': np.float64(29.97926847640414), 'pData_2_range': np.int64(192), 'pData_2_rate_std': np.float64(31.111442012613857), 'pData_3_std': np.float64(9.288832513317175), 'pData_3_range': np.int64(110), 'pData_3_rate_std': np.float64(11.220571323970656), 'pData_4_std': np.float64(20.443821148316065), 'pData_4_range': np.int64(203), 'pData_4_rate_std': np.float64(28.219013157498296)}"
86,"{'tData_std': np.float64(0.0), 'tData_range': np.int64(0), 'tData_rate_std': np.float64(0.0), 'tData_2_std': np.float64(0.0), 'tData_2_range': np.int64(0), 'tData_2_rate_std': np.float64(0.0), 'tData_3_std': np.float64(0.0), 'tData_3_range': np.int64(0), 'tData_3_rate_std': np.float64(0.0), 'tData_4_std': np.float64(0.0), 'tData_4_range': np.int64(0), 'tData_4_rate_std': np.float64(0.0), 'pData_std': np.float64(0.0), 'pData_range': np.int64(0), 'pData_rate_std': np.float64(0.0), 'pData_2_std': np.float64(0.0), 'pData_2_range': np.int64(0), 'pData_2_rate_std': np.float64(0.0), 'pData_3_std': np.float64(0.0), 'pData_3_range': np.int64(0), 'pData_3_rate_std': np.float64(0.0), 'pData_4_std': np.float64(0.0), 'pData_4_range': np.int64(0), 'pData_4_rate_std': np.float64(0.0)}"
87,"{'tData_std': np.float64(0.0), 'tData_range': np.int64(0), 'tData_rate_std': np.float64(0.0), 'tData_2_std': np.float64(0.0), 'tData_2_range': np.int64(0), 'tData_2_rate_std': np.float64(0.0), 'tData_3_std': np.float64(0.0), 'tData_3_range': np.int64(0), 'tData_3_rate_std': np.float64(0.0), 'tData_4_std': np.float64(0.0), 'tData_4_range': np.int64(0), 'tData_4_rate_std': np.float64(0.0), 'pData_std': np.float64(0.0), 'pData_range': np.int64(0), 'pData_rate_std': np.float64(0.0), 'pData_2_std': np.float64(0.0), 'pData_2_range': np.int64(0), 'pData_2_rate_std': np.float64(0.0), 'pData_3_std': np.float64(0.0), 'pData_3_range': np.int64(0), 'pData_3_rate_std': np.float64(0.0), 'pData_4_std': np.float64(0.0), 'pData_4_range': np.int64(0), 'pData_4_rate_std': np.float64(0.0)}"
88,"{'tData_std': np.float64(0.0), 'tData_range': np.int64(0), 'tData_rate_std': np.float64(0.0), 'tData_2_std': np.float64(0.0), 'tData_2_range': np.int64(0), 'tData_2_rate_std': np.float64(0.0), 'tData_3_std': np.float64(0.0), 'tData_3_range': np.int64(0), 'tData_3_rate_std': np.float64(0.0), 'tData_4_std': np.float64(0.0), 'tData_4_range': np.int64(0), 'tData_4_rate_std': np.float64(0.0), 'pData_std': np.float64(0.0), 'pData_range': np.int64(0), 'pData_rate_std': np.float64(0.0), 'pData_2_std': np.float64(0.0), 'pData_2_range': np.int64(0), 'pData_2_rate_std': np.float64(0.0), 'pData_3_std': np.float64(0.0), 'pData_3_range': np.int64(0), 'pData_3_rate_std': np.float64(0.0), 'pData_4_std': np.float64(0.0), 'pData_4_range': np.int64(0), 'pData_4_rate_std': np.float64(0.0)}"
89,"{'tData_std': np.float64(0.0), 'tData_range': np.int64(0), 'tData_rate_std': np.float64(0.0), 'tData_2_std': np.float64(0.0), 'tData_2_range': np.int64(0), 'tData_2_rate_std': np.float64(0.0), 'tData_3_std': np.float64(0.0), 'tData_3_range': np.int64(0), 'tData_3_rate_std': np.float64(0.0), 'tData_4_std': np.float64(0.0), 'tData_4_range': np.int64(0), 'tData_4_rate_std': np.float64(0.0), 'pData_std': np.float64(0.0), 'pData_range': np.int64(0), 'pData_rate_std': np.float64(0.0), 'pData_2_std': np.float64(0.0), 'pData_2_range': np.int64(0), 'pData_2_rate_std': np.float64(0.0), 'pData_3_std': np.float64(0.0), 'pData_3_range': np.int64(0), 'pData_3_rate_std': np.float64(0.0), 'pData_4_std': np.float64(0.0), 'pData_4_range': np.int64(0), 'pData_4_rate_std': np.float64(0.0)}"
90,"{'tData_std': np.float64(0.0), 'tData_range': np.int64(0), 'tData_rate_std': np.float64(0.0), 'tData_2_std': np.float64(0.0), 'tData_2_range': np.int64(0), 'tData_2_rate_std': np.float64(0.0), 'tData_3_std': np.float64(0.0), 'tData_3_range': np.int64(0), 'tData_3_rate_std': np.float64(0.0), 'tData_4_std': np.float64(0.0), 'tData_4_range': np.int64(0), 'tData_4_rate_std': np.float64(0.0), 'pData_std': np.float64(0.0), 'pData_range': np.int64(0), 'pData_rate_std': np.float64(0.0), 'pData_2_std': np.float64(0.0), 'pData_2_range': np.int64(0), 'pData_2_rate_std': np.float64(0.0), 'pData_3_std': np.float64(0.0), 'pData_3_range': np.int64(0), 'pData_3_rate_std': np.float64(0.0), 'pData_4_std': np.float64(0.0), 'pData_4_range': np.int64(0), 'pData_4_rate_std': np.float64(0.0)}"
91,"{'tData_std': np.float64(0.0), 'tData_range': np.int64(0), 'tData_rate_std': np.float64(0.0), 'tData_2_std': np.float64(0.0), 'tData_2_range': np.int64(0), 'tData_2_rate_std': np.float64(0.0), 'tData_3_std': np.float64(0.0), 'tData_3_range': np.int64(0), 'tData_3_rate_std': np.float64(0.0), 'tData_4_std': np.float64(0.0), 'tData_4_range': np.int64(0), 'tData_4_rate_std': np.float64(0.0), 'pData_std': np.float64(0.0), 'pData_range': np.int64(0), 'pData_rate_std': np.float64(0.0), 'pData_2_std': np.float64(0.0), 'pData_2_range': np.int64(0), 'pData_2_rate_std': np.float64(0.0), 'pData_3_std': np.float64(0.0), 'pData_3_range': np.int64(0), 'pData_3_rate_std': np.float64(0.0), 'pData_4_std': np.float64(0.0), 'pData_4_range': np.int64(0), 'pData_4_rate_std': np.float64(0.0)}"
92,"{'tData_std': np.float64(0.0), 'tData_range': np.int64(0), 'tData_rate_std': np.float64(0.0), 'tData_2_std': np.float64(0.0), 'tData_2_range': np.int64(0), 'tData_2_rate_std': np.float64(0.0), 'tData_3_std': np.float64(0.0), 'tData_3_range': np.int64(0), 'tData_3_rate_std': np.float64(0.0), 'tData_4_std': np.float64(0.0), 'tData_4_range': np.int64(0), 'tData_4_rate_std': np.float64(0.0), 'pData_std': np.float64(0.0), 'pData_range': np.int64(0), 'pData_rate_std': np.float64(0.0), 'pData_2_std': np.float64(0.0), 'pData_2_range': np.int64(0), 'pData_2_rate_std': np.float64(0.0), 'pData_3_std': np.float64(0.0), 'pData_3_range': np.int64(0), 'pData_3_rate_std': np.float64(0.0), 'pData_4_std': np.float64(0.0), 'pData_4_range': np.int64(0), 'pData_4_rate_std': np.float64(0.0)}"
94,"{'tData_std': np.float64(0.0), 'tData_range': np.int64(0), 'tData_rate_std': np.float64(0.0), 'tData_2_std': np.float64(0.0), 'tData_2_range': np.int64(0), 'tData_2_rate_std': np.float64(0.0), 'tData_3_std': np.float64(0.0), 'tData_3_range': np.int64(0), 'tData_3_rate_std': np.float64(0.0), 'tData_4_std': np.float64(0.0), 'tData_4_range': np.int64(0), 'tData_4_rate_std': np.float64(0.0), 'pData_std': np.float64(0.0), 'pData_range': np.int64(0), 'pData_rate_std': np.float64(0.0), 'pData_2_std': np.float64(0.0), 'pData_2_range': np.int64(0), 'pData_2_rate_std': np.float64(0.0), 'pData_3_std': np.float64(0.0), 'pData_3_range': np.int64(0), 'pData_3_rate_std': np.float64(0.0), 'pData_4_std': np.float64(0.0), 'pData_4_range': np.int64(0), 'pData_4_rate_std': np.float64(0.0)}"
95,"{'tData_std': np.float64(0.0), 'tData_range': np.int64(0), 'tData_rate_std': np.float64(0.0), 'tData_2_std': np.float64(0.0), 'tData_2_range': np.int64(0), 'tData_2_rate_std': np.float64(0.0), 'tData_3_std': np.float64(0.0), 'tData_3_range': np.int64(0), 'tData_3_rate_std': np.float64(0.0), 'tData_4_std': np.float64(0.0), 'tData_4_range': np.int64(0), 'tData_4_rate_std': np.float64(0.0), 'pData_std': np.float64(0.0), 'pData_range': np.int64(0), 'pData_rate_std': np.float64(0.0), 'pData_2_std': np.float64(0.0), 'pData_2_range': np.int64(0), 'pData_2_rate_std': np.float64(0.0), 'pData_3_std': np.float64(0.0), 'pData_3_range': np.int64(0), 'pData_3_rate_std': np.float64(0.0), 'pData_4_std': np.float64(0.0), 'pData_4_range': np.int64(0), 'pData_4_rate_std': np.float64(0.0)}"
96,"{'tData_std': np.float64(18.76546024715675), 'tData_range': np.int64(45), 'tData_rate_std': np.float64(1.1211660419795588), 'tData_2_std': np.float64(18.277622972741742), 'tData_2_range': np.int64(44), 'tData_2_rate_std': np.float64(1.0868388439236127), 'tData_3_std': np.float64(18.34707119114847), 'tData_3_range': np.int64(45), 'tData_3_rate_std': np.float64(1.090819911746953), 'tData_4_std': np.float64(0.03492151478847891), 'tData_4_range': np.int64(1), 'tData_4_rate_std': np.float64(0.049446817643414874), 'pData_std': np.float64(24.800196718751682), 'pData_range': np.int64(250), 'pData_rate_std': np.float64(8.402613401819703), 'pData_2_std': np.float64(15.022604447659518), 'pData_2_range': np.int64(223), 'pData_2_rate_std': np.float64(7.600025736669845), 'pData_3_std': np.float64(18.510315831761172), 'pData_3_range': np.int64(262), 'pData_3_rate_std': np.float64(9.22882165524149), 'pData_4_std': np.float64(0.0), 'pData_4_range': np.int64(0), 'pData_4_rate_std': np.float64(0.0)}"
97,"{'tData_std': np.float64(0.29512294314613324), 'tData_range': np.int64(2), 'tData_rate_std': np.float64(0.10492080291832916), 'tData_2_std': np.float64(0.3223862732748823), 'tData_2_range': np.int64(3), 'tData_2_rate_std': np.float64(0.10492080291832916), 'tData_3_std': np.float64(0.43127560848294516), 'tData_3_range': np.int64(4), 'tData_3_rate_std': np.float64(0.1407797839615175), 'tData_4_std': np.float64(0.0), 'tData_4_range': np.int64(0), 'tData_4_rate_std': np.float64(0.0), 'pData_std': np.float64(2.3348393608444513), 'pData_range': np.int64(41), 'pData_rate_std': np.float64(2.4512875336621005), 'pData_2_std': np.float64(11.848366401704903), 'pData_2_range': np.int64(144), 'pData_2_rate_std': np.float64(7.358653391462518), 'pData_3_std': np.float64(13.641092700499494), 'pData_3_range': np.int64(159), 'pData_3_rate_std': np.float64(7.202239005756144), 'pData_4_std': np.float64(0.0), 'pData_4_range': np.int64(0), 'pData_4_rate_std': np.float64(0.0)}"
98,"{'tData_std': np.float64(0.3340354897291637), 'tData_range': np.int64(3), 'tData_rate_std': np.float64(0.16885161346866367), 'tData_2_std': np.float64(0.16831533843450183), 'tData_2_range': np.int64(3), 'tData_2_rate_std': np.float64(0.13461521823835748), 'tData_3_std': np.float64(0.16831533843450183), 'tData_3_range': np.int64(3), 'tData_3_rate_std': np.float64(0.13461521823835748), 'tData_4_std': np.float64(0.5227803808089545), 'tData_4_range': np.int64(9), 'tData_4_rate_std': np.float64(0.5629237220824123), 'pData_std': np.float64(1.404171187510816), 'pData_range': np.int64(14), 'pData_rate_std': np.float64(0.6930737731025853), 'pData_2_std': np.float64(1.429023027597722), 'pData_2_range': np.int64(15), 'pData_2_rate_std': np.float64(0.602821796913925), 'pData_3_std': np.float64(0.19574950733742888), 'pData_3_range': np.int64(2), 'pData_3_rate_std': np.float64(0.19069251784911845), 'pData_4_std': np.float64(0.0), 'pData_4_range': np.int64(0), 'pData_4_rate_std': np.float64(0.0)}"
99,"{'tData_std': np.float64(0.6841529830550022), 'tData_range': np.int64(4), 'tData_rate_std': np.float64(0.1823843010350213), 'tData_2_std': np.float64(0.7218443573286549), 'tData_2_range': np.int64(4), 'tData_2_rate_std': np.float64(0.11624299580267938), 'tData_3_std': np.float64(0.505340250654749), 'tData_3_range': np.int64(3), 'tData_3_rate_std': np.float64(0.1162429958026794), 'tData_4_std': np.float64(1.5052475610798248), 'tData_4_range': np.int64(7), 'tData_4_rate_std': np.float64(0.20132269017066737), 'pData_std': np.float64(11.483691089607206), 'pData_range': np.int64(141), 'pData_rate_std': np.float64(3.995837671338847), 'pData_2_std': np.float64(13.035767185442966), 'pData_2_range': np.int64(199), 'pData_2_rate_std': np.float64(5.22039957920756), 'pData_3_std': np.float64(7.079513556761977), 'pData_3_range': np.int64(95), 'pData_3_rate_std': np.float64(3.8306130936961873), 'pData_4_std': np.float64(0.0), 'pData_4_range': np.int64(0), 'pData_4_rate_std': np.float64(0.0)}"
100,"{'tData_std': np.float64(0.7667537807118742), 'tData_range': np.int64(2), 'tData_rate_std': np.float64(0.10352141149351815), 'tData_2_std': np.float64(0.051674146451931115), 'tData_2_range': np.int64(1), 'tData_2_rate_std': np.float64(0.07322520259382125), 'tData_3_std': np.float64(0.49318494765508314), 'tData_3_range': np.int64(1), 'tData_3_rate_std': np.float64(0.16777466900639937), 'tData_4_std': np.float64(1.022567480702218), 'tData_4_range': np.int64(24), 'tData_4_rate_std': np.float64(0.7471210504420923), 'pData_std': np.float64(2.0484890801970788), 'pData_range': np.int64(28), 'pData_rate_std': np.float64(1.7332107930754208), 'pData_2_std': np.float64(1.066428253320596), 'pData_2_range': np.int64(9), 'pData_2_rate_std': np.float64(0.6320087777568452), 'pData_3_std': np.float64(0.0), 'pData_3_range': np.int64(0), 'pData_3_rate_std': np.float64(0.0), 'pData_4_std': np.float64(14.181178336016963), 'pData_4_range': np.int64(161), 'pData_4_rate_std': np.float64(5.304406585332623)}"
101,"{'tData_std': np.float64(2.760922508216648), 'tData_range': np.int64(8), 'tData_rate_std': np.float64(0.3512558703839377), 'tData_2_std': np.float64(3.1476493991503633), 'tData_2_range': np.int64(8), 'tData_2_rate_std': np.float64(0.29918771131600774), 'tData_3_std': np.float64(2.570673379744211), 'tData_3_range': np.int64(7), 'tData_3_rate_std': np.float64(0.30787620802261756), 'tData_4_std': np.float64(1.3163542056484525), 'tData_4_range': np.int64(4), 'tData_4_rate_std': np.float64(0.2889919600250971), 'pData_std': np.float64(3.783245253167051), 'pData_range': np.int64(51), 'pData_rate_std': np.float64(1.5039383793416885), 'pData_2_std': np.float64(8.59851284877468), 'pData_2_range': np.int64(148), 'pData_2_rate_std': np.float64(6.250536843942081), 'pData_3_std': np.float64(6.2291833388995475), 'pData_3_range': np.int64(96), 'pData_3_rate_std': np.float64(3.1044035327589374), 'pData_4_std': np.float64(8.403972286740489), 'pData_4_range': np.int64(100), 'pData_4_rate_std': np.float64(8.254784051940337)}"
102,"{'tData_std': np.float64(nan), 'tData_range': np.int64(0), 'tData_rate_std': np.float64(nan), 'tData_2_std': np.float64(nan), 'tData_2_range': np.int64(0), 'tData_2_rate_std': np.float64(nan), 'tData_3_std': np.float64(nan), 'tData_3_range': np.int64(0), 'tData_3_rate_std': np.float64(nan), 'tData_4_std': np.float64(nan), 'tData_4_range': np.int64(0), 'tData_4_rate_std': np.float64(nan), 'pData_std': np.float64(nan), 'pData_range': np.int64(0), 'pData_rate_std': np.float64(nan), 'pData_2_std': np.float64(nan), 'pData_2_range': np.int64(0), 'pData_2_rate_std': np.float64(nan), 'pData_3_std': np.float64(nan), 'pData_3_range': np.int64(0), 'pData_3_rate_std': np.float64(nan), 'pData_4_std': np.float64(nan), 'pData_4_range': np.int64(0), 'pData_4_rate_std': np.float64(nan)}"
103,"{'tData_std': np.float64(0.5041008302500835), 'tData_range': np.int64(1), 'tData_rate_std': np.float64(0.14142135623730948), 'tData_2_std': np.float64(0.4826397999239062), 'tData_2_range': np.int64(1), 'tData_2_rate_std': np.float64(0.1414213562373095), 'tData_3_std': np.float64(0.0), 'tData_3_range': np.int64(0), 'tData_3_rate_std': np.float64(0.0), 'tData_4_std': np.float64(0.4826397999239062), 'tData_4_range': np.int64(1), 'tData_4_rate_std': np.float64(0.1414213562373095), 'pData_std': np.float64(0.828890115473343), 'pData_range': np.int64(2), 'pData_rate_std': np.float64(0.4932193286180591), 'pData_2_std': np.float64(0.8121624487362457), 'pData_2_range': np.int64(3), 'pData_2_rate_std': np.float64(0.6543418566056449), 'pData_3_std': np.float64(0.0), 'pData_3_range': np.int64(0), 'pData_3_rate_std': np.float64(0.0), 'pData_4_std': np.float64(0.0), 'pData_4_range': np.int64(0), 'pData_4_rate_std': np.float64(0.0)}"
104,"{'tData_std': np.float64(0.4508859997767128), 'tData_range': np.int64(2), 'tData_rate_std': np.float64(0.18912274851169367), 'tData_2_std': np.float64(0.4430980537234839), 'tData_2_range': np.int64(2), 'tData_2_rate_std': np.float64(0.1807124624864869), 'tData_3_std': np.float64(0.5591025804874521), 'tData_3_range': np.int64(3), 'tData_3_rate_std': np.float64(0.20865334649718043), 'tData_4_std': np.float64(1.0956626633973714), 'tData_4_range': np.int64(4), 'tData_4_rate_std': np.float64(0.27032042746815077), 'pData_std': np.float64(1.2502433679020655), 'pData_range': np.int64(6), 'pData_rate_std': np.float64(0.4040255834027019), 'pData_2_std': np.float64(0.8173011230361864), 'pData_2_range': np.int64(5), 'pData_2_rate_std': np.float64(0.3299318672770302), 'pData_3_std': np.float64(0.0), 'pData_3_range': np.int64(0), 'pData_3_rate_std': np.float64(0.0), 'pData_4_std': np.float64(0.0), 'pData_4_range': np.int64(0), 'pData_4_rate_std': np.float64(0.0)}"
105,"{'tData_std': np.float64(1.2835574304125295), 'tData_range': np.int64(5), 'tData_rate_std': np.float64(0.2673805334171405), 'tData_2_std': np.float64(1.2834547530407538), 'tData_2_range': np.int64(5), 'tData_2_rate_std': np.float64(0.2873605635657042), 'tData_3_std': np.float64(1.0806099820642825), 'tData_3_range': np.int64(5), 'tData_3_rate_std': np.float64(0.31008589471982667), 'tData_4_std': np.float64(1.1232118378992881), 'tData_4_range': np.int64(4), 'tData_4_rate_std': np.float64(0.2674259638028931), 'pData_std': np.float64(3.9162326220565973), 'pData_range': np.int64(37), 'pData_rate_std': np.float64(3.32516261735901), 'pData_2_std': np.float64(8.645227845073894), 'pData_2_range': np.int64(78), 'pData_2_rate_std': np.float64(8.422772474627118), 'pData_3_std': np.float64(7.5841334599667105), 'pData_3_range': np.int64(93), 'pData_3_rate_std': np.float64(3.00882385024042), 'pData_4_std': np.float64(9.60841328223682), 'pData_4_range': np.int64(95), 'pData_4_rate_std': np.float64(11.818291325922075)}"
106,"{'tData_std': np.float64(1.0059345595124378), 'tData_range': np.int64(6), 'tData_rate_std': np.float64(0.3241616940112964), 'tData_2_std': np.float64(1.1337790213031955), 'tData_2_range': np.int64(6), 'tData_2_rate_std': np.float64(0.2881565029545623), 'tData_3_std': np.float64(1.1037885030217531), 'tData_3_range': np.int64(6), 'tData_3_rate_std': np.float64(0.3203030945768268), 'tData_4_std': np.float64(0.5064417979985013), 'tData_4_range': np.int64(4), 'tData_4_rate_std': np.float64(0.316604698942844), 'pData_std': np.float64(2.0202552732410366), 'pData_range': np.int64(34), 'pData_rate_std': np.float64(2.5367523351332117), 'pData_2_std': np.float64(4.437745480584487), 'pData_2_range': np.int64(52), 'pData_2_rate_std': np.float64(5.402161625644896), 'pData_3_std': np.float64(0.0), 'pData_3_range': np.int64(0), 'pData_3_rate_std': np.float64(0.0), 'pData_4_std': np.float64(9.14925461490214), 'pData_4_range': np.int64(91), 'pData_4_rate_std': np.float64(12.281737490869157)}"
107,"{'tData_std': np.float64(0.5463378470826631), 'tData_range': np.int64(4), 'tData_rate_std': np.float64(0.13883863999954493), 'tData_2_std': np.float64(0.45717653525596785), 'tData_2_range': np.int64(3), 'tData_2_rate_std': np.float64(0.15301661122749013), 'tData_3_std': np.float64(0.4857022042316563), 'tData_3_range': np.int64(3), 'tData_3_rate_std': np.float64(0.12308379463449892), 'tData_4_std': np.float64(0.47695030853076725), 'tData_4_range': np.int64(2), 'tData_4_rate_std': np.float64(0.1617680569463081), 'pData_std': np.float64(0.6609598934220952), 'pData_range': np.int64(8), 'pData_rate_std': np.float64(0.5101795882483006), 'pData_2_std': np.float64(9.455618584253981), 'pData_2_range': np.int64(106), 'pData_2_rate_std': np.float64(4.195742711292908), 'pData_3_std': np.float64(9.22619018281861), 'pData_3_range': np.int64(101), 'pData_3_rate_std': np.float64(4.062527813000787), 'pData_4_std': np.float64(9.282361921761183), 'pData_4_range': np.int64(106), 'pData_4_rate_std': np.float64(4.650009627052447)}"
108,"{'tData_std': np.float64(0.3959047051367284), 'tData_range': np.int64(1), 'tData_rate_std': np.float64(0.0746393370862076), 'tData_2_std': np.float64(0.28056465950385046), 'tData_2_range': np.int64(1), 'tData_2_rate_std': np.float64(0.0746393370862076), 'tData_3_std': np.float64(0.3800787205238065), 'tData_3_range': np.int64(1), 'tData_3_rate_std': np.float64(0.0746393370862076), 'tData_4_std': np.float64(0.3959047051367284), 'tData_4_range': np.int64(1), 'tData_4_rate_std': np.float64(0.0746393370862076), 'pData_std': np.float64(0.7991030675244161), 'pData_range': np.int64(2), 'pData_rate_std': np.float64(0.3077458706325154), 'pData_2_std': np.float64(0.8209701563014967), 'pData_2_range': np.int64(3), 'pData_2_rate_std': np.float64(0.5006958945608437), 'pData_3_std': np.float64(0.0), 'pData_3_range': np.int64(0), 'pData_3_rate_std': np.float64(0.0), 'pData_4_std': np.float64(0.0), 'pData_4_range': np.int64(0), 'pData_4_rate_std': np.float64(0.0)}"
109,"{'tData_std': np.float64(0.4616884558162886), 'tData_range': np.int64(2), 'tData_rate_std': np.float64(0.18009006755629928), 'tData_2_std': np.float64(0.07312724241271307), 'tData_2_range': np.int64(1), 'tData_2_rate_std': np.float64(0.10397504898200727), 'tData_3_std': np.float64(0.7238036115578532), 'tData_3_range': np.int64(3), 'tData_3_rate_std': np.float64(0.2204984973401514), 'tData_4_std': np.float64(0.20290569358105387), 'tData_4_range': np.int64(1), 'tData_4_rate_std': np.float64(0.10397504898200727), 'pData_std': np.float64(0.5449176051165316), 'pData_range': np.int64(2), 'pData_rate_std': np.float64(0.38199068657044777), 'pData_2_std': np.float64(1.381969038065755), 'pData_2_range': np.int64(18), 'pData_2_rate_std': np.float64(1.3852399999998322), 'pData_3_std': np.float64(12.52075041524436), 'pData_3_range': np.int64(69), 'pData_3_rate_std': np.float64(5.406702547064378), 'pData_4_std': np.float64(0.0), 'pData_4_range': np.int64(0), 'pData_4_rate_std': np.float64(0.0)}"
110,"{'tData_std': np.float64(0.0), 'tData_range': np.int64(0), 'tData_rate_std': np.float64(0.0), 'tData_2_std': np.float64(0.0), 'tData_2_range': np.int64(0), 'tData_2_rate_std': np.float64(0.0), 'tData_3_std': np.float64(0.2983229844169684), 'tData_3_range': np.int64(1), 'tData_3_rate_std': np.float64(0.09942340522598016), 'tData_4_std': np.float64(0.9629460744688505), 'tData_4_range': np.int64(2), 'tData_4_rate_std': np.float64(0.10626131213332708), 'pData_std': np.float64(0.4850124663477873), 'pData_range': np.int64(2), 'pData_rate_std': np.float64(0.5166692950034721), 'pData_2_std': np.float64(0.25969357270338944), 'pData_2_range': np.int64(2), 'pData_2_rate_std': np.float64(0.25210579106976155), 'pData_3_std': np.float64(0.0), 'pData_3_range': np.int64(0), 'pData_3_rate_std': np.float64(0.0), 'pData_4_std': np.float64(0.0), 'pData_4_range': np.int64(0), 'pData_4_rate_std': np.float64(0.0)}"
111,"{'tData_std': np.float64(1.4921306430331878), 'tData_range': np.int64(5), 'tData_rate_std': np.float64(0.5522855285260561), 'tData_2_std': np.float64(1.4729975801233701), 'tData_2_range': np.int64(5), 'tData_2_rate_std': np.float64(0.4229576561467813), 'tData_3_std': np.float64(1.3806844342402154), 'tData_3_range': np.int64(5), 'tData_3_rate_std': np.float64(0.40109245925990794), 'tData_4_std': np.float64(1.386680362342817), 'tData_4_range': np.int64(5), 'tData_4_rate_std': np.float64(0.48264607420679695), 'pData_std': np.float64(47.33428575663759), 'pData_range': np.int64(264), 'pData_rate_std': np.float64(67.1089553537707), 'pData_2_std': np.float64(40.61617306613904), 'pData_2_range': np.int64(143), 'pData_2_rate_std': np.float64(55.37838063565548), 'pData_3_std': np.float64(9.733254932461088), 'pData_3_range': np.int64(52), 'pData_3_rate_std': np.float64(11.91560574337957), 'pData_4_std': np.float64(59.816721232983625), 'pData_4_range': np.int64(291), 'pData_4_rate_std': np.float64(86.52063233599151)}"
112,"{'tData_std': np.float64(0.0), 'tData_range': np.int64(0), 'tData_rate_std': np.float64(0.0), 'tData_2_std': np.float64(0.0), 'tData_2_range': np.int64(0), 'tData_2_rate_std': np.float64(0.0), 'tData_3_std': np.float64(0.0), 'tData_3_range': np.int64(0), 'tData_3_rate_std': np.float64(0.0), 'tData_4_std': np.float64(0.0), 'tData_4_range': np.int64(0), 'tData_4_rate_std': np.float64(0.0), 'pData_std': np.float64(2.005547860865509), 'pData_range': np.int64(13), 'pData_rate_std': np.float64(2.034584695637154), 'pData_2_std': np.float64(2.2014687475557415), 'pData_2_range': np.int64(13), 'pData_2_rate_std': np.float64(2.145845092915772), 'pData_3_std': np.float64(0.7453559924999298), 'pData_3_range': np.int64(5), 'pData_3_rate_std': np.float64(1.0783277320343843), 'pData_4_std': np.float64(0.0), 'pData_4_range': np.int64(0), 'pData_4_rate_std': np.float64(0.0)}"
113,"{'tData_std': np.float64(0.0), 'tData_range': np.int64(0), 'tData_rate_std': np.float64(0.0), 'tData_2_std': np.float64(0.0), 'tData_2_range': np.int64(0), 'tData_2_rate_std': np.float64(0.0), 'tData_3_std': np.float64(0.0), 'tData_3_range': np.int64(0), 'tData_3_rate_std': np.float64(0.0), 'tData_4_std': np.float64(0.0), 'tData_4_range': np.int64(0), 'tData_4_rate_std': np.float64(0.0), 'pData_std': np.float64(0.532163164367808), 'pData_range': np.int64(2), 'pData_rate_std': np.float64(0.40849150208295487), 'pData_2_std': np.float64(0.37272262567306363), 'pData_2_range': np.int64(1), 'pData_2_rate_std': np.float64(0.26838183903649265), 'pData_3_std': np.float64(0.5800104033122424), 'pData_3_range': np.int64(2), 'pData_3_rate_std': np.float64(0.21637302989583904), 'pData_4_std': np.float64(2557.911963451578), 'pData_4_range': np.int64(9893), 'pData_4_rate_std': np.float64(725.3842348130031)}"
114,"{'tData_std': np.float64(18.69762513212361), 'tData_range': np.int64(44), 'tData_rate_std': np.float64(1.009175008270153), 'tData_2_std': np.float64(15.494627071048852), 'tData_2_range': np.int64(50), 'tData_2_rate_std': np.float64(1.488686666010056), 'tData_3_std': np.float64(18.848308416097986), 'tData_3_range': np.int64(77), 'tData_3_rate_std': np.float64(1.2982798777056972), 'tData_4_std': np.float64(14.184325910457412), 'tData_4_range': np.int64(77), 'tData_4_rate_std': np.float64(1.820007960253182), 'pData_std': np.float64(56.70957711537379), 'pData_range': np.int64(2484), 'pData_rate_std': np.float64(51.4552404814455), 'pData_2_std': np.float64(59.396625991916004), 'pData_2_range': np.int64(2625), 'pData_2_rate_std': np.float64(54.267526998194654), 'pData_3_std': np.float64(180.2170857639538), 'pData_3_range': np.int64(9893), 'pData_3_rate_std': np.float64(188.24116108292725), 'pData_4_std': np.float64(104.85905436706902), 'pData_4_range': np.int64(5255), 'pData_4_rate_std': np.float64(125.04193761246623)}"
115,"{'tData_std': np.float64(0.0), 'tData_range': np.int64(0), 'tData_rate_std': np.float64(0.0), 'tData_2_std': np.float64(0.0), 'tData_2_range': np.int64(0), 'tData_2_rate_std': np.float64(0.0), 'tData_3_std': np.float64(0.0), 'tData_3_range': np.int64(0), 'tData_3_rate_std': np.float64(0.0), 'tData_4_std': np.float64(0.0), 'tData_4_range': np.int64(0), 'tData_4_rate_std': np.float64(0.0), 'pData_std': np.float64(0.7014783543394374), 'pData_range': np.int64(3), 'pData_rate_std': np.float64(0.5324466605117775), 'pData_2_std': np.float64(0.5094249130852176), 'pData_2_range': np.int64(2), 'pData_2_rate_std': np.float64(0.46231158803309136), 'pData_3_std': np.float64(0.0), 'pData_3_range': np.int64(0), 'pData_3_rate_std': np.float64(0.0), 'pData_4_std': np.float64(0.0), 'pData_4_range': np.int64(0), 'pData_4_rate_std': np.float64(0.0)}"
116,"{'tData_std': np.float64(0.5722787934638754), 'tData_range': np.int64(2), 'tData_rate_std': np.float64(0.07168300769719169), 'tData_2_std': np.float64(9.292435974265386), 'tData_2_range': np.int64(95), 'tData_2_rate_std': np.float64(5.645330061171937), 'tData_3_std': np.float64(2.2423475035718754), 'tData_3_range': np.int64(33), 'tData_3_rate_std': np.float64(0.9792151407077948), 'tData_4_std': np.float64(0.7306461254394365), 'tData_4_range': np.int64(4), 'tData_4_rate_std': np.float64(0.14922335751594534), 'pData_std': np.float64(6.782076321442928), 'pData_range': np.int64(193), 'pData_rate_std': np.float64(6.078957704473783), 'pData_2_std': np.float64(1052.7910118724644), 'pData_2_range': np.int64(9888), 'pData_2_rate_std': np.float64(536.978230037625), 'pData_3_std': np.float64(5.045167429449543), 'pData_3_range': np.int64(118), 'pData_3_rate_std': np.float64(4.5836040272170635), 'pData_4_std': np.float64(8.774593884504487), 'pData_4_range': np.int64(298), 'pData_4_rate_std': np.float64(11.651832900450346)}"
117,"{'tData_std': np.float64(0.0), 'tData_range': np.int64(0), 'tData_rate_std': np.float64(0.0), 'tData_2_std': np.float64(0.42295568258856897), 'tData_2_range': np.int64(1), 'tData_2_rate_std': np.float64(0.0793051585718144), 'tData_3_std': np.float64(0.0), 'tData_3_range': np.int64(0), 'tData_3_rate_std': np.float64(0.0), 'tData_4_std': np.float64(0.6929281139261001), 'tData_4_range': np.int64(2), 'tData_4_rate_std': np.float64(0.11179894836849429), 'pData_std': np.float64(0.07905694150420947), 'pData_range': np.int64(1), 'pData_rate_std': np.float64(0.1125087900926024), 'pData_2_std': np.float64(0.4596963723121829), 'pData_2_range': np.int64(1), 'pData_2_rate_std': np.float64(0.5155800469472481), 'pData_3_std': np.float64(0.0), 'pData_3_range': np.int64(0), 'pData_3_rate_std': np.float64(0.0), 'pData_4_std': np.float64(0.0), 'pData_4_range': np.int64(0), 'pData_4_rate_std': np.float64(0.0)}"
118,"{'tData_std': np.float64(0.0), 'tData_range': np.int64(0), 'tData_rate_std': np.float64(0.0), 'tData_2_std': np.float64(0.0), 'tData_2_range': np.int64(0), 'tData_2_rate_std': np.float64(0.0), 'tData_3_std': np.float64(0.0), 'tData_3_range': np.int64(0), 'tData_3_rate_std': np.float64(0.0), 'tData_4_std': np.float64(0.0), 'tData_4_range': np.int64(0), 'tData_4_rate_std': np.float64(0.0), 'pData_std': np.float64(0.0), 'pData_range': np.int64(0), 'pData_rate_std': np.float64(0.0), 'pData_2_std': np.float64(0.49543369430686224), 'pData_2_range': np.int64(1), 'pData_2_rate_std': np.float64(0.5901768108593474), 'pData_3_std': np.float64(0.0), 'pData_3_range': np.int64(0), 'pData_3_rate_std': np.float64(0.0), 'pData_4_std': np.float64(0.0), 'pData_4_range': np.int64(0), 'pData_4_rate_std': np.float64(0.0)}"
119,"{'tData_std': np.float64(0.0), 'tData_range': np.int64(0), 'tData_rate_std': np.float64(0.0), 'tData_2_std': np.float64(0.0), 'tData_2_range': np.int64(0), 'tData_2_rate_std': np.float64(0.0), 'tData_3_std': np.float64(0.0), 'tData_3_range': np.int64(0), 'tData_3_rate_std': np.float64(0.0), 'tData_4_std': np.float64(0.0), 'tData_4_range': np.int64(0), 'tData_4_rate_std': np.float64(0.0), 'pData_std': np.float64(0.0), 'pData_range': np.int64(0), 'pData_rate_std': np.float64(0.0), 'pData_2_std': np.float64(0.4800914547021731), 'pData_2_range': np.int64(1), 'pData_2_rate_std': np.float64(0.3922322702763681), 'pData_3_std': np.float64(0.0), 'pData_3_range': np.int64(0), 'pData_3_rate_std': np.float64(0.0), 'pData_4_std': np.float64(0.0), 'pData_4_range': np.int64(0), 'pData_4_rate_std': np.float64(0.0)}"
121,"{'tData_std': np.float64(0.0), 'tData_range': np.int64(0), 'tData_rate_std': np.float64(0.0), 'tData_2_std': np.float64(0.0), 'tData_2_range': np.int64(0), 'tData_2_rate_std': np.float64(0.0), 'tData_3_std': np.float64(0.0), 'tData_3_range': np.int64(0), 'tData_3_rate_std': np.float64(0.0), 'tData_4_std': np.float64(0.0), 'tData_4_range': np.int64(0), 'tData_4_rate_std': np.float64(0.0), 'pData_std': np.float64(0.272138863686403), 'pData_range': np.int64(1), 'pData_rate_std': np.float64(0.18641369806709912), 'pData_2_std': np.float64(0.0), 'pData_2_range': np.int64(0), 'pData_2_rate_std': np.float64(0.0), 'pData_3_std': np.float64(0.9351350351474875), 'pData_3_range': np.int64(8), 'pData_3_rate_std': np.float64(0.9550160208640079), 'pData_4_std': np.float64(0.4354941703556927), 'pData_4_range': np.int64(1), 'pData_4_rate_std': np.float64(0.3232916774176482)}"
122,"{'tData_std': np.float64(0.0), 'tData_range': np.int64(0), 'tData_rate_std': np.float64(0.0), 'tData_2_std': np.float64(0.0), 'tData_2_range': np.int64(0), 'tData_2_rate_std': np.float64(0.0), 'tData_3_std': np.float64(0.0), 'tData_3_range': np.int64(0), 'tData_3_rate_std': np.float64(0.0), 'tData_4_std': np.float64(0.0), 'tData_4_range': np.int64(0), 'tData_4_rate_std': np.float64(0.0), 'pData_std': np.float64(0.0), 'pData_range': np.int64(0), 'pData_rate_std': np.float64(0.0), 'pData_2_std': np.float64(0.37416573867739417), 'pData_2_range': np.int64(1), 'pData_2_rate_std': np.float64(0.3586407511783862), 'pData_3_std': np.float64(2.879236009777594), 'pData_3_range': np.int64(13), 'pData_3_rate_std': np.float64(4.368654818995915), 'pData_4_std': np.float64(2.5768197453450252), 'pData_4_range': np.int64(13), 'pData_4_rate_std': np.float64(3.838921572600788)}"
123,"{'tData_std': np.float64(1.044282680019866), 'tData_range': np.int64(4), 'tData_rate_std': np.float64(0.3484844923973539), 'tData_2_std': np.float64(1.7705188059168597), 'tData_2_range': np.int64(5), 'tData_2_rate_std': np.float64(0.40179776186713817), 'tData_3_std': np.float64(0.954674556470387), 'tData_3_range': np.int64(5), 'tData_3_rate_std': np.float64(0.34848449239735396), 'tData_4_std': np.float64(1.6804343632295808), 'tData_4_range': np.int64(6), 'tData_4_rate_std': np.float64(0.4171978595990804), 'pData_std': np.float64(23.67642991105993), 'pData_range': np.int64(186), 'pData_rate_std': np.float64(22.040503256136958), 'pData_2_std': np.float64(31.81155036841344), 'pData_2_range': np.int64(206), 'pData_2_rate_std': np.float64(30.393811603413347), 'pData_3_std': np.float64(20.727488316962685), 'pData_3_range': np.int64(169), 'pData_3_rate_std': np.float64(23.939924811912007), 'pData_4_std': np.float64(22.591548644912294), 'pData_4_range': np.int64(162), 'pData_4_rate_std': np.float64(22.642342539491704)}"
125,"{'tData_std': np.float64(0.8962295536183441), 'tData_range': np.int64(4), 'tData_rate_std': np.float64(0.3505348910325926), 'tData_2_std': np.float64(1.9111150275676276), 'tData_2_range': np.int64(5), 'tData_2_rate_std': np.float64(0.1662426377110768), 'tData_3_std': np.float64(1.418454553543866), 'tData_3_range': np.int64(5), 'tData_3_rate_std': np.float64(0.2812723281668203), 'tData_4_std': np.float64(1.2736022948277193), 'tData_4_range': np.int64(5), 'tData_4_rate_std': np.float64(0.23516929812979337), 'pData_std': np.float64(16.211027822115152), 'pData_range': np.int64(211), 'pData_rate_std': np.float64(12.843223778071238), 'pData_2_std': np.float64(19.278831729044793), 'pData_2_range': np.int64(240), 'pData_2_rate_std': np.float64(16.31206049671638), 'pData_3_std': np.float64(20.497766073226547), 'pData_3_range': np.int64(271), 'pData_3_rate_std': np.float64(16.658331248957683), 'pData_4_std': np.float64(13.526066804853569), 'pData_4_range': np.int64(204), 'pData_4_rate_std': np.float64(17.15325366510181)}"
126,"{'tData_std': np.float64(0.8253765041428678), 'tData_range': np.int64(5), 'tData_rate_std': np.float64(0.25458415435566095), 'tData_2_std': np.float64(0.38724334595297105), 'tData_2_range': np.int64(2), 'tData_2_rate_std': np.float64(0.08645862224859098), 'tData_3_std': np.float64(0.6809906432818467), 'tData_3_range': np.int64(4), 'tData_3_rate_std': np.float64(0.31185037190675496), 'tData_4_std': np.float64(1.029376061497857), 'tData_4_range': np.int64(6), 'tData_4_rate_std': np.float64(0.27333809326430225), 'pData_std': np.float64(18.68442993320421), 'pData_range': np.int64(265), 'pData_rate_std': np.float64(17.22963560043523), 'pData_2_std': np.float64(10.798950650893177), 'pData_2_range': np.int64(202), 'pData_2_rate_std': np.float64(11.976494018599771), 'pData_3_std': np.float64(14.001417865103898), 'pData_3_range': np.int64(279), 'pData_3_rate_std': np.float64(18.014056406333587), 'pData_4_std': np.float64(21.09010200901161), 'pData_4_range': np.int64(266), 'pData_4_rate_std': np.float64(14.703130234218277)}"
127,"{'tData_std': np.float64(0.0), 'tData_range': np.int64(0), 'tData_rate_std': np.float64(0.0), 'tData_2_std': np.float64(0.0), 'tData_2_range': np.int64(0), 'tData_2_rate_std': np.float64(0.0), 'tData_3_std': np.float64(0.21808478995509087), 'tData_3_range': np.int64(1), 'tData_3_rate_std': np.float64(0.32025630761017426), 'tData_4_std': np.float64(0.0), 'tData_4_range': np.int64(0), 'tData_4_rate_std': np.float64(0.0), 'pData_std': np.float64(0.5060608273474739), 'pData_range': np.int64(1), 'pData_rate_std': np.float64(0.15811388300841897), 'pData_2_std': np.float64(0.0), 'pData_2_range': np.int64(0), 'pData_2_rate_std': np.float64(0.0), 'pData_3_std': np.float64(0.5060608273474739), 'pData_3_range': np.int64(1), 'pData_3_rate_std': np.float64(0.27619205506685246), 'pData_4_std': np.float64(0.5936657514041415), 'pData_4_range': np.int64(2), 'pData_4_rate_std': np.float64(0.42290206176626033)}"
129,"{'tData_std': np.float64(0.0), 'tData_range': np.int64(0), 'tData_rate_std': np.float64(0.0), 'tData_2_std': np.float64(0.0), 'tData_2_range': np.int64(0), 'tData_2_rate_std': np.float64(0.0), 'tData_3_std': np.float64(0.0), 'tData_3_range': np.int64(0), 'tData_3_rate_std': np.float64(0.0), 'tData_4_std': np.float64(0.0), 'tData_4_range': np.int64(0), 'tData_4_rate_std': np.float64(0.0), 'pData_std': np.float64(0.2041241452319315), 'pData_range': np.int64(1), 'pData_rate_std': np.float64(0.30151134457776363), 'pData_2_std': np.float64(0.0), 'pData_2_range': np.int64(0), 'pData_2_rate_std': np.float64(0.0), 'pData_3_std': np.float64(1.2445533509971602), 'pData_3_range': np.int64(6), 'pData_3_rate_std': np.float64(1.8586407545691703), 'pData_4_std': np.float64(4.266273192907568), 'pData_4_range': np.int64(20), 'pData_4_rate_std': np.float64(6.388910847568764)}"
131,"{'tData_std': np.float64(1.3482083520841954), 'tData_range': np.int64(6), 'tData_rate_std': np.float64(0.13726018147356944), 'tData_2_std': np.float64(1.4704730080291963), 'tData_2_range': np.int64(7), 'tData_2_rate_std': np.float64(0.2065184767222561), 'tData_3_std': np.float64(0.3714446541642028), 'tData_3_range': np.int64(2), 'tData_3_rate_std': np.float64(0.10445915564534011), 'tData_4_std': np.float64(0.7594689073456649), 'tData_4_range': np.int64(3), 'tData_4_rate_std': np.float64(0.1863363598647918), 'pData_std': np.float64(0.3196704678554447), 'pData_range': np.int64(3), 'pData_rate_std': np.float64(0.2834716205241396), 'pData_2_std': np.float64(0.7945151693800324), 'pData_2_range': np.int64(8), 'pData_2_rate_std': np.float64(0.4225724739180068), 'pData_3_std': np.float64(1.2035903205802723), 'pData_3_range': np.int64(8), 'pData_3_rate_std': np.float64(1.593014274838794), 'pData_4_std': np.float64(2.1998484335376447), 'pData_4_range': np.int64(36), 'pData_4_rate_std': np.float64(2.983585884648061)}"
132,"{'tData_std': np.float64(2.2974509161797068), 'tData_range': np.int64(10), 'tData_rate_std': np.float64(0.46444434659803346), 'tData_2_std': np.float64(2.422925320883638), 'tData_2_range': np.int64(11), 'tData_2_rate_std': np.float64(0.49030593419982754), 'tData_3_std': np.float64(2.0069086124341284), 'tData_3_range': np.int64(10), 'tData_3_rate_std': np.float64(0.4574610587946968), 'tData_4_std': np.float64(2.1898091476080235), 'tData_4_range': np.int64(13), 'tData_4_rate_std': np.float64(0.5383146154071504), 'pData_std': np.float64(7.686790615243248), 'pData_range': np.int64(75), 'pData_rate_std': np.float64(7.158694963486495), 'pData_2_std': np.float64(15.581885376227714), 'pData_2_range': np.int64(171), 'pData_2_rate_std': np.float64(14.511383356302742), 'pData_3_std': np.float64(8.774109598804486), 'pData_3_range': np.int64(86), 'pData_3_rate_std': np.float64(8.33629576973453), 'pData_4_std': np.float64(6.146409970784089), 'pData_4_range': np.int64(70), 'pData_4_rate_std': np.float64(6.441570240282553)}"
133,"{'tData_std': np.float64(0.20536805769107425), 'tData_range': np.int64(1), 'tData_rate_std': np.float64(0.13112206196583245), 'tData_2_std': np.float64(0.4180534475161095), 'tData_2_range': np.int64(1), 'tData_2_rate_std': np.float64(0.2575520224619111), 'tData_3_std': np.float64(0.48678544062006823), 'tData_3_range': np.int64(2), 'tData_3_rate_std': np.float64(0.18540212010290502), 'tData_4_std': np.float64(1.3271992630675515), 'tData_4_range': np.int64(4), 'tData_4_rate_std': np.float64(0.2802279885852752), 'pData_std': np.float64(0.31022802993532533), 'pData_range': np.int64(1), 'pData_rate_std': np.float64(0.27149599207000036), 'pData_2_std': np.float64(0.3371112436623501), 'pData_2_range': np.int64(3), 'pData_2_rate_std': np.float64(0.2847368241310482), 'pData_3_std': np.float64(1.0973734052831572), 'pData_3_range': np.int64(8), 'pData_3_rate_std': np.float64(1.574518801745674), 'pData_4_std': np.float64(1.5222277220058842), 'pData_4_range': np.int64(15), 'pData_4_rate_std': np.float64(1.8513542085331973)}"
134,"{'tData_std': np.float64(0.8542338287926065), 'tData_range': np.int64(4), 'tData_rate_std': np.float64(0.3429971702850177), 'tData_2_std': np.float64(1.2471908559667297), 'tData_2_range': np.int64(6), 'tData_2_rate_std': np.float64(0.30908666129524215), 'tData_3_std': np.float64(1.3113804207206083), 'tData_3_range': np.int64(5), 'tData_3_rate_std': np.float64(0.2707669244032482), 'tData_4_std': np.float64(0.5802289279253826), 'tData_4_range': np.int64(3), 'tData_4_rate_std': np.float64(0.2711630722733202), 'pData_std': np.float64(13.968636946852307), 'pData_range': np.int64(125), 'pData_rate_std': np.float64(9.738112172379084), 'pData_2_std': np.float64(11.220148283062809), 'pData_2_range': np.int64(115), 'pData_2_rate_std': np.float64(9.422670058681822), 'pData_3_std': np.float64(10.886382737248974), 'pData_3_range': np.int64(113), 'pData_3_rate_std': np.float64(10.312756235675824), 'pData_4_std': np.float64(9.597682995540866), 'pData_4_range': np.int64(78), 'pData_4_rate_std': np.float64(8.184454417836724)}"
135,"{'tData_std': np.float64(0.0), 'tData_range': np.int64(0), 'tData_rate_std': np.float64(0.0), 'tData_2_std': np.float64(0.0), 'tData_2_range': np.int64(0), 'tData_2_rate_std': np.float64(0.0), 'tData_3_std': np.float64(0.0), 'tData_3_range': np.int64(0), 'tData_3_rate_std': np.float64(0.0), 'tData_4_std': np.float64(0.0), 'tData_4_range': np.int64(0), 'tData_4_rate_std': np.float64(0.0), 'pData_std': np.float64(0.2886751345948129), 'pData_range': np.int64(1), 'pData_rate_std': np.float64(0.3015113445777636), 'pData_2_std': np.float64(0.38924947208076155), 'pData_2_range': np.int64(1), 'pData_2_rate_std': np.float64(0.5393598899705937), 'pData_3_std': np.float64(0.0), 'pData_3_range': np.int64(0), 'pData_3_rate_std': np.float64(0.0), 'pData_4_std': np.float64(0.38924947208076144), 'pData_4_range': np.int64(1), 'pData_4_rate_std': np.float64(0.5393598899705937)}"
136,"{'tData_std': np.float64(0.0), 'tData_range': np.int64(0), 'tData_rate_std': np.float64(0.0), 'tData_2_std': np.float64(0.0), 'tData_2_range': np.int64(0), 'tData_2_rate_std': np.float64(0.0), 'tData_3_std': np.float64(0.0), 'tData_3_range': np.int64(0), 'tData_3_rate_std': np.float64(0.0), 'tData_4_std': np.float64(0.0), 'tData_4_range': np.int64(0), 'tData_4_rate_std': np.float64(0.0), 'pData_std': np.float64(68.53447446715481), 'pData_range': np.int64(184), 'pData_rate_std': np.float64(18.071155653877444), 'pData_2_std': np.float64(68.50412642078757), 'pData_2_range': np.int64(184), 'pData_2_rate_std': np.float64(18.071384316910436), 'pData_3_std': np.float64(1.0827126260175726), 'pData_3_range': np.int64(7), 'pData_3_rate_std': np.float64(1.4433756729740645), 'pData_4_std': np.float64(1.0176933573915599), 'pData_4_range': np.int64(7), 'pData_4_rate_std': np.float64(1.0)}"
137,"{'tData_std': np.float64(3.58503223700302), 'tData_range': np.int64(14), 'tData_rate_std': np.float64(0.6083503021204888), 'tData_2_std': np.float64(3.544998948358046), 'tData_2_range': np.int64(14), 'tData_2_rate_std': np.float64(0.6301722916132676), 'tData_3_std': np.float64(3.2754268504473703), 'tData_3_range': np.int64(14), 'tData_3_rate_std': np.float64(0.6301722916132676), 'tData_4_std': np.float64(3.989877542859873), 'tData_4_range': np.int64(15), 'tData_4_rate_std': np.float64(0.6575959492214292), 'pData_std': np.float64(2.41006660750934), 'pData_range': np.int64(17), 'pData_rate_std': np.float64(1.0941284737713013), 'pData_2_std': np.float64(2.8889383711461725), 'pData_2_range': np.int64(20), 'pData_2_rate_std': np.float64(1.2422008948085101), 'pData_3_std': np.float64(4.1788103738206255), 'pData_3_range': np.int64(33), 'pData_3_rate_std': np.float64(2.663534196216451), 'pData_4_std': np.float64(4.415920162003949), 'pData_4_range': np.int64(41), 'pData_4_rate_std': np.float64(3.958478186064634)}"
138,"{'tData_std': np.float64(0.0), 'tData_range': np.int64(0), 'tData_rate_std': np.float64(0.0), 'tData_2_std': np.float64(0.0), 'tData_2_range': np.int64(0), 'tData_2_rate_std': np.float64(0.0), 'tData_3_std': np.float64(0.0), 'tData_3_range': np.int64(0), 'tData_3_rate_std': np.float64(0.0), 'tData_4_std': np.float64(0.0), 'tData_4_range': np.int64(0), 'tData_4_rate_std': np.float64(0.0), 'pData_std': np.float64(6.86243566496721), 'pData_range': np.int64(45), 'pData_rate_std': np.float64(6.943650748294136), 'pData_2_std': np.float64(7.108477617752056), 'pData_2_range': np.int64(47), 'pData_2_rate_std': np.float64(7.272408199631492), 'pData_3_std': np.float64(0.25776963111323353), 'pData_3_range': np.int64(1), 'pData_3_rate_std': np.float64(0.31234752377721214), 'pData_4_std': np.float64(0.9149914219956279), 'pData_4_range': np.int64(6), 'pData_4_rate_std': np.float64(1.3251783128981585)}"
139,"{'tData_std': np.float64(0.0), 'tData_range': np.int64(0), 'tData_rate_std': np.float64(0.0), 'tData_2_std': np.float64(0.0), 'tData_2_range': np.int64(0), 'tData_2_rate_std': np.float64(0.0), 'tData_3_std': np.float64(0.0), 'tData_3_range': np.int64(0), 'tData_3_rate_std': np.float64(0.0), 'tData_4_std': np.float64(0.0), 'tData_4_range': np.int64(0), 'tData_4_rate_std': np.float64(0.0), 'pData_std': np.float64(0.0), 'pData_range': np.int64(0), 'pData_rate_std': np.float64(0.0), 'pData_2_std': np.float64(0.48448723261144355), 'pData_2_range': np.int64(2), 'pData_2_rate_std': np.float64(0.4562269989615156), 'pData_3_std': np.float64(0.9211810907738281), 'pData_3_range': np.int64(7), 'pData_3_rate_std': np.float64(1.124143509582734), 'pData_4_std': np.float64(1.7186930967323035), 'pData_4_range': np.int64(13), 'pData_4_rate_std': np.float64(2.5027382264505778)}"
140,"{'tData_std': np.float64(0.3394612973180146), 'tData_range': np.int64(1), 'tData_rate_std': np.float64(0.3044311226480906), 'tData_2_std': np.float64(0.0), 'tData_2_range': np.int64(0), 'tData_2_rate_std': np.float64(0.0), 'tData_3_std': np.float64(0.0), 'tData_3_range': np.int64(0), 'tData_3_rate_std': np.float64(0.0), 'tData_4_std': np.float64(1.6535663250757275), 'tData_4_range': np.int64(7), 'tData_4_rate_std': np.float64(0.43028621107099013), 'pData_std': np.float64(29.637255855639687), 'pData_range': np.int64(204), 'pData_rate_std': np.float64(21.102108166535515), 'pData_2_std': np.float64(0.0), 'pData_2_range': np.int64(0), 'pData_2_rate_std': np.float64(0.0), 'pData_3_std': np.float64(1.375268194080093), 'pData_3_range': np.int64(8), 'pData_3_rate_std': np.float64(1.879076324967016), 'pData_4_std': np.float64(41.9865494654323), 'pData_4_range': np.int64(269), 'pData_4_rate_std': np.float64(28.43186828227471)}"
141,"{'tData_std': np.float64(0.0), 'tData_range': np.int64(0), 'tData_rate_std': np.float64(0.0), 'tData_2_std': np.float64(0.0), 'tData_2_range': np.int64(0), 'tData_2_rate_std': np.float64(0.0), 'tData_3_std': np.float64(0.0), 'tData_3_range': np.int64(0), 'tData_3_rate_std': np.float64(0.0), 'tData_4_std': np.float64(0.0), 'tData_4_range': np.int64(0), 'tData_4_rate_std': np.float64(0.0), 'pData_std': np.float64(1.9719508622443747), 'pData_range': np.int64(7), 'pData_rate_std': np.float64(0.5326343934365205), 'pData_2_std': np.float64(2.1934809307620298), 'pData_2_range': np.int64(7), 'pData_2_rate_std': np.float64(0.4034466067689138), 'pData_3_std': np.float64(2.207616491871602), 'pData_3_range': np.int64(15), 'pData_3_rate_std': np.float64(1.0250942688946154), 'pData_4_std': np.float64(1.9597089382653707), 'pData_4_range': np.int64(23), 'pData_4_rate_std': np.float64(1.870184024624416)}"
142,"{'tData_std': np.float64(0.0), 'tData_range': np.int64(0), 'tData_rate_std': np.float64(0.0), 'tData_2_std': np.float64(0.0), 'tData_2_range': np.int64(0), 'tData_2_rate_std': np.float64(0.0), 'tData_3_std': np.float64(0.0), 'tData_3_range': np.int64(0), 'tData_3_rate_std': np.float64(0.0), 'tData_4_std': np.float64(0.0), 'tData_4_range': np.int64(0), 'tData_4_rate_std': np.float64(0.0), 'pData_std': np.float64(0.24593468841898236), 'pData_range': np.int64(1), 'pData_rate_std': np.float64(0.2581988897471611), 'pData_2_std': np.float64(0.0), 'pData_2_range': np.int64(0), 'pData_2_rate_std': np.float64(0.0), 'pData_3_std': np.float64(0.5070073486774164), 'pData_3_range': np.int64(1), 'pData_3_rate_std': np.float64(0.4069292295344024), 'pData_4_std': np.float64(0.24593468841898236), 'pData_4_range': np.int64(1), 'pData_4_rate_std': np.float64(0.1796053020267749)}"
143,"{'tData_std': np.float64(0.0), 'tData_range': np.int64(0), 'tData_rate_std': np.float64(0.0), 'tData_2_std': np.float64(0.0), 'tData_2_range': np.int64(0), 'tData_2_rate_std': np.float64(0.0), 'tData_3_std': np.float64(0.0), 'tData_3_range': np.int64(0), 'tData_3_rate_std': np.float64(0.0), 'tData_4_std': np.float64(0.0), 'tData_4_range': np.int64(0), 'tData_4_rate_std': np.float64(0.0), 'pData_std': np.float64(14.343376830885001), 'pData_range': np.int64(113), 'pData_rate_std': np.float64(12.39441897071507), 'pData_2_std': np.float64(0.45982737375411115), 'pData_2_range': np.int64(3), 'pData_2_rate_std': np.float64(0.3912450837681102), 'pData_3_std': np.float64(0.8847992908463335), 'pData_3_range': np.int64(8), 'pData_3_rate_std': np.float64(1.2265496593795406), 'pData_4_std': np.float64(8.281779003569806), 'pData_4_range': np.int64(84), 'pData_4_rate_std': np.float64(9.348599679033004)}"
144,"{'tData_std': np.float64(0.0), 'tData_range': np.int64(0), 'tData_rate_std': np.float64(0.0), 'tData_2_std': np.float64(0.0), 'tData_2_range': np.int64(0), 'tData_2_rate_std': np.float64(0.0), 'tData_3_std': np.float64(0.0), 'tData_3_range': np.int64(0), 'tData_3_rate_std': np.float64(0.0), 'tData_4_std': np.float64(0.0), 'tData_4_range': np.int64(0), 'tData_4_rate_std': np.float64(0.0), 'pData_std': np.float64(20.57612190620056), 'pData_range': np.int64(150), 'pData_rate_std': np.float64(22.951033229876426), 'pData_2_std': np.float64(0.9144168590366187), 'pData_2_range': np.int64(5), 'pData_2_rate_std': np.float64(0.5647050877521961), 'pData_3_std': np.float64(0.7896641454140573), 'pData_3_range': np.int64(8), 'pData_3_rate_std': np.float64(0.9377154924749757), 'pData_4_std': np.float64(8.694773565385399), 'pData_4_range': np.int64(93), 'pData_4_rate_std': np.float64(10.759515216690858)}"
145,"{'tData_std': np.float64(0.0), 'tData_range': np.int64(0), 'tData_rate_std': np.float64(0.0), 'tData_2_std': np.float64(2.977956989288827), 'tData_2_range': np.int64(15), 'tData_2_rate_std': np.float64(0.5857037152647115), 'tData_3_std': np.float64(0.0), 'tData_3_range': np.int64(0), 'tData_3_rate_std': np.float64(0.0), 'tData_4_std': np.float64(0.4258120941794307), 'tData_4_range': np.int64(4), 'tData_4_rate_std': np.float64(0.2904089347757578), 'pData_std': np.float64(1.2299721459843502), 'pData_range': np.int64(3), 'pData_rate_std': np.float64(0.3556261402975591), 'pData_2_std': np.float64(15.956737740749523), 'pData_2_range': np.int64(168), 'pData_2_rate_std': np.float64(16.38652105509759), 'pData_3_std': np.float64(1.1435185746366003), 'pData_3_range': np.int64(16), 'pData_3_rate_std': np.float64(1.4541051402466931), 'pData_4_std': np.float64(0.9083304230286943), 'pData_4_range': np.int64(9), 'pData_4_rate_std': np.float64(1.0613528874332696)}"
146,"{'tData_std': np.float64(0.0), 'tData_range': np.int64(0), 'tData_rate_std': np.float64(0.0), 'tData_2_std': np.float64(0.32280285109067564), 'tData_2_range': np.int64(1), 'tData_2_rate_std': np.float64(0.3000297073823573), 'tData_3_std': np.float64(0.0), 'tData_3_range': np.int64(0), 'tData_3_rate_std': np.float64(0.0), 'tData_4_std': np.float64(0.0), 'tData_4_range': np.int64(0), 'tData_4_rate_std': np.float64(0.0), 'pData_std': np.float64(0.50709255283711), 'pData_range': np.int64(1), 'pData_rate_std': np.float64(0.5504818825631803), 'pData_2_std': np.float64(0.49024089430991125), 'pData_2_range': np.int64(1), 'pData_2_rate_std': np.float64(0.5504818825631803), 'pData_3_std': np.float64(1.1832159566199232), 'pData_3_range': np.int64(7), 'pData_3_rate_std': np.float64(1.7232808737106582), 'pData_4_std': np.float64(1.4465258292854353), 'pData_4_range': np.int64(7), 'pData_4_rate_std': np.float64(1.487020492973807)}"
147,"{'tData_std': np.float64(0.0), 'tData_range': np.int64(0), 'tData_rate_std': np.float64(0.0), 'tData_2_std': np.float64(0.0), 'tData_2_range': np.int64(0), 'tData_2_rate_std': np.float64(0.0), 'tData_3_std': np.float64(0.0), 'tData_3_range': np.int64(0), 'tData_3_rate_std': np.float64(0.0), 'tData_4_std': np.float64(0.2820566728469694), 'tData_4_range': np.int64(1), 'tData_4_rate_std': np.float64(0.25726168560286433), 'pData_std': np.float64(0.0), 'pData_range': np.int64(0), 'pData_rate_std': np.float64(0.0), 'pData_2_std': np.float64(0.3977271225536438), 'pData_2_range': np.int64(1), 'pData_2_rate_std': np.float64(0.4714045207910317), 'pData_3_std': np.float64(1.0804802440659602), 'pData_3_range': np.int64(7), 'pData_3_rate_std': np.float64(1.3498971154211057), 'pData_4_std': np.float64(0.5043749394606821), 'pData_4_range': np.int64(1), 'pData_4_rate_std': np.float64(0.5163977794943222)}"
148,"{'tData_std': np.float64(0.49441323247304414), 'tData_range': np.int64(1), 'tData_rate_std': np.float64(0.19446453583160744), 'tData_2_std': np.float64(0.4339027597725919), 'tData_2_range': np.int64(1), 'tData_2_rate_std': np.float64(0.15911145683514602), 'tData_3_std': np.float64(0.5030769521187454), 'tData_3_range': np.int64(1), 'tData_3_rate_std': np.float64(0.11180339887498948), 'tData_4_std': np.float64(0.190029237516523), 'tData_4_range': np.int64(1), 'tData_4_rate_std': np.float64(0.11180339887498947), 'pData_std': np.float64(20.629611343831247), 'pData_range': np.int64(134), 'pData_rate_std': np.float64(17.01302553853028), 'pData_2_std': np.float64(7.966848750437383), 'pData_2_range': np.int64(46), 'pData_2_rate_std': np.float64(5.305836289801752), 'pData_3_std': np.float64(4.083503397819083), 'pData_3_range': np.int64(30), 'pData_3_rate_std': np.float64(3.4585932239290007), 'pData_4_std': np.float64(6.133922073192649), 'pData_4_range': np.int64(51), 'pData_4_rate_std': np.float64(7.360517318088004)}"
149,"{'tData_std': np.float64(0.0), 'tData_range': np.int64(0), 'tData_rate_std': np.float64(0.0), 'tData_2_std': np.float64(0.0), 'tData_2_range': np.int64(0), 'tData_2_rate_std': np.float64(0.0), 'tData_3_std': np.float64(0.0), 'tData_3_range': np.int64(0), 'tData_3_rate_std': np.float64(0.0), 'tData_4_std': np.float64(0.0), 'tData_4_range': np.int64(0), 'tData_4_rate_std': np.float64(0.0), 'pData_std': np.float64(0.4338609156373123), 'pData_range': np.int64(2), 'pData_rate_std': np.float64(0.37742413753208304), 'pData_2_std': np.float64(0.5041008302500836), 'pData_2_range': np.int64(1), 'pData_2_rate_std': np.float64(0.42809497325061996), 'pData_3_std': np.float64(0.23763541031440183), 'pData_3_range': np.int64(1), 'pData_3_rate_std': np.float64(0.24660966430902953), 'pData_4_std': np.float64(0.19603921176392136), 'pData_4_range': np.int64(1), 'pData_4_rate_std': np.float64(0.2857142857142857)}"
150,"{'tData_std': np.float64(0.0), 'tData_range': np.int64(0), 'tData_rate_std': np.float64(0.0), 'tData_2_std': np.float64(0.0), 'tData_2_range': np.int64(0), 'tData_2_rate_std': np.float64(0.0), 'tData_3_std': np.float64(0.0), 'tData_3_range': np.int64(0), 'tData_3_rate_std': np.float64(0.0), 'tData_4_std': np.float64(0.0), 'tData_4_range': np.int64(0), 'tData_4_rate_std': np.float64(0.0), 'pData_std': np.float64(0.13245323570650439), 'pData_range': np.int64(1), 'pData_rate_std': np.float64(0.19069251784911845), 'pData_2_std': np.float64(0.5238664812961065), 'pData_2_range': np.int64(2), 'pData_2_rate_std': np.float64(0.3283172365140274), 'pData_3_std': np.float64(0.953163838622797), 'pData_3_range': np.int64(7), 'pData_3_rate_std': np.float64(1.3751033019046572), 'pData_4_std': np.float64(0.6622661785325219), 'pData_4_range': np.int64(5), 'pData_4_rate_std': np.float64(0.9534625892455924)}"
151,"{'tData_std': np.float64(0.7606457442484083), 'tData_range': np.int64(3), 'tData_rate_std': np.float64(0.26983194464428306), 'tData_2_std': np.float64(2.8680938879277367), 'tData_2_range': np.int64(11), 'tData_2_rate_std': np.float64(0.5936736928719745), 'tData_3_std': np.float64(0.43223763247041225), 'tData_3_range': np.int64(1), 'tData_3_rate_std': np.float64(0.25), 'tData_4_std': np.float64(1.7334775007883811), 'tData_4_range': np.int64(7), 'tData_4_rate_std': np.float64(0.5396638892885662), 'pData_std': np.float64(0.41939112087160035), 'pData_range': np.int64(1), 'pData_rate_std': np.float64(0.30601080321428), 'pData_2_std': np.float64(0.0), 'pData_2_range': np.int64(0), 'pData_2_rate_std': np.float64(0.0), 'pData_3_std': np.float64(0.8770995369556132), 'pData_3_range': np.int64(8), 'pData_3_rate_std': np.float64(1.1989578808281798), 'pData_4_std': np.float64(0.7664323013441283), 'pData_4_range': np.int64(7), 'pData_4_rate_std': np.float64(1.0992421631894098)}"
152,"{'tData_std': np.float64(0.0), 'tData_range': np.int64(0), 'tData_rate_std': np.float64(0.0), 'tData_2_std': np.float64(0.0), 'tData_2_range': np.int64(0), 'tData_2_rate_std': np.float64(0.0), 'tData_3_std': np.float64(0.0), 'tData_3_range': np.int64(0), 'tData_3_rate_std': np.float64(0.0), 'tData_4_std': np.float64(0.0), 'tData_4_range': np.int64(0), 'tData_4_rate_std': np.float64(0.0), 'pData_std': np.float64(0.9506829852179273), 'pData_range': np.int64(4), 'pData_rate_std': np.float64(0.2956328841298797), 'pData_2_std': np.float64(1.1809719686207394), 'pData_2_range': np.int64(4), 'pData_2_rate_std': np.float64(0.3478447601548185), 'pData_3_std': np.float64(0.9907590763950902), 'pData_3_range': np.int64(8), 'pData_3_rate_std': np.float64(1.0870185526359435), 'pData_4_std': np.float64(0.5883170661115009), 'pData_4_range': np.int64(7), 'pData_4_rate_std': np.float64(0.8363919951235345)}"
153,"{'tData_std': np.float64(0.0), 'tData_range': np.int64(0), 'tData_rate_std': np.float64(0.0), 'tData_2_std': np.float64(0.0), 'tData_2_range': np.int64(0), 'tData_2_rate_std': np.float64(0.0), 'tData_3_std': np.float64(0.0), 'tData_3_range': np.int64(0), 'tData_3_rate_std': np.float64(0.0), 'tData_4_std': np.float64(0.0), 'tData_4_range': np.int64(0), 'tData_4_rate_std': np.float64(0.0), 'pData_std': np.float64(0.5039526306789698), 'pData_range': np.int64(1), 'pData_rate_std': np.float64(0.495618027294585), 'pData_2_std': np.float64(0.4931689018948893), 'pData_2_range': np.int64(1), 'pData_2_rate_std': np.float64(0.3383632485891005), 'pData_3_std': np.float64(0.0), 'pData_3_range': np.int64(0), 'pData_3_rate_std': np.float64(0.0), 'pData_4_std': np.float64(0.3958308068477864), 'pData_4_range': np.int64(1), 'pData_4_rate_std': np.float64(0.3837663002944253)}"
154,"{'tData_std': np.float64(0.0), 'tData_range': np.int64(0), 'tData_rate_std': np.float64(0.0), 'tData_2_std': np.float64(0.0), 'tData_2_range': np.int64(0), 'tData_2_rate_std': np.float64(0.0), 'tData_3_std': np.float64(0.0), 'tData_3_range': np.int64(0), 'tData_3_rate_std': np.float64(0.0), 'tData_4_std': np.float64(0.0), 'tData_4_range': np.int64(0), 'tData_4_rate_std': np.float64(0.0), 'pData_std': np.float64(0.49739224741343363), 'pData_range': np.int64(1), 'pData_rate_std': np.float64(0.6248090454022988), 'pData_2_std': np.float64(0.3051315657855203), 'pData_2_range': np.int64(1), 'pData_2_rate_std': np.float64(0.4140393356054125), 'pData_3_std': np.float64(1.5697501954921285), 'pData_3_range': np.int64(14), 'pData_3_rate_std': np.float64(1.6761366180189934), 'pData_4_std': np.float64(1.7711116669385931), 'pData_4_range': np.int64(14), 'pData_4_rate_std': np.float64(2.5128063727685137)}"
155,"{'tData_std': np.float64(0.0), 'tData_range': np.int64(0), 'tData_rate_std': np.float64(0.0), 'tData_2_std': np.float64(0.0), 'tData_2_range': np.int64(0), 'tData_2_rate_std': np.float64(0.0), 'tData_3_std': np.float64(0.0), 'tData_3_range': np.int64(0), 'tData_3_rate_std': np.float64(0.0), 'tData_4_std': np.float64(0.0), 'tData_4_range': np.int64(0), 'tData_4_rate_std': np.float64(0.0), 'pData_std': np.float64(0.11867215360195858), 'pData_range': np.int64(1), 'pData_rate_std': np.float64(0.11995202878081343), 'pData_2_std': np.float64(0.4961860617779742), 'pData_2_range': np.int64(1), 'pData_2_rate_std': np.float64(0.48719470900348116), 'pData_3_std': np.float64(1.3639221707792797), 'pData_3_range': np.int64(8), 'pData_3_rate_std': np.float64(1.7547469021620987), 'pData_4_std': np.float64(0.6154873852305284), 'pData_4_range': np.int64(6), 'pData_4_rate_std': np.float64(0.8649863807303101)}"
156,"{'tData_std': np.float64(0.0), 'tData_range': np.int64(0), 'tData_rate_std': np.float64(0.0), 'tData_2_std': np.float64(0.0), 'tData_2_range': np.int64(0), 'tData_2_rate_std': np.float64(0.0), 'tData_3_std': np.float64(0.0), 'tData_3_range': np.int64(0), 'tData_3_rate_std': np.float64(0.0), 'tData_4_std': np.float64(0.0), 'tData_4_range': np.int64(0), 'tData_4_rate_std': np.float64(0.0), 'pData_std': np.float64(0.492592183071889), 'pData_range': np.int64(1), 'pData_rate_std': np.float64(0.4425306015783918), 'pData_2_std': np.float64(0.5144957554275266), 'pData_2_range': np.int64(1), 'pData_2_rate_std': np.float64(0.5737304826019501), 'pData_3_std': np.float64(0.3321055820775357), 'pData_3_range': np.int64(1), 'pData_3_rate_std': np.float64(0.3651483716701107), 'pData_4_std': np.float64(0.24253562503633297), 'pData_4_range': np.int64(1), 'pData_4_rate_std': np.float64(0.3651483716701107)}"
158,"{'tData_std': np.float64(0.0), 'tData_range': np.int64(0), 'tData_rate_std': np.float64(0.0), 'tData_2_std': np.float64(0.0), 'tData_2_range': np.int64(0), 'tData_2_rate_std': np.float64(0.0), 'tData_3_std': np.float64(0.0), 'tData_3_range': np.int64(0), 'tData_3_rate_std': np.float64(0.0), 'tData_4_std': np.float64(0.0), 'tData_4_range': np.int64(0), 'tData_4_rate_std': np.float64(0.0), 'pData_std': np.float64(0.38069349381344053), 'pData_range': np.int64(1), 'pData_rate_std': np.float64(0.5222329678670935), 'pData_2_std': np.float64(0.41485111699905347), 'pData_2_range': np.int64(1), 'pData_2_rate_std': np.float64(0.6030226891555273), 'pData_3_std': np.float64(0.0), 'pData_3_range': np.int64(0), 'pData_3_rate_std': np.float64(0.0), 'pData_4_std': np.float64(0.0), 'pData_4_range': np.int64(0), 'pData_4_rate_std': np.float64(0.0)}"
159,"{'tData_std': np.float64(0.0), 'tData_range': np.int64(0), 'tData_rate_std': np.float64(0.0), 'tData_2_std': np.float64(0.0), 'tData_2_range': np.int64(0), 'tData_2_rate_std': np.float64(0.0), 'tData_3_std': np.float64(0.0), 'tData_3_range': np.int64(0), 'tData_3_rate_std': np.float64(0.0), 'tData_4_std': np.float64(0.0), 'tData_4_range': np.int64(0), 'tData_4_rate_std': np.float64(0.0), 'pData_std': np.float64(0.3153017676423058), 'pData_range': np.int64(1), 'pData_rate_std': np.float64(0.48507125007266594), 'pData_2_std': np.float64(0.22941573387056177), 'pData_2_range': np.int64(1), 'pData_2_rate_std': np.float64(0.3429971702850177), 'pData_3_std': np.float64(1.6059101370939324), 'pData_3_range': np.int64(7), 'pData_3_rate_std': np.float64(2.400980191995124), 'pData_4_std': np.float64(1.5082618476808294), 'pData_4_range': np.int64(7), 'pData_4_rate_std': np.float64(2.3008949665421112)}"
160,"{'tData_std': np.float64(0.0), 'tData_range': np.int64(0), 'tData_rate_std': np.float64(0.0), 'tData_2_std': np.float64(0.0), 'tData_2_range': np.int64(0), 'tData_2_rate_std': np.float64(0.0), 'tData_3_std': np.float64(0.0), 'tData_3_range': np.int64(0), 'tData_3_rate_std': np.float64(0.0), 'tData_4_std': np.float64(0.0), 'tData_4_range': np.int64(0), 'tData_4_rate_std': np.float64(0.0), 'pData_std': np.float64(0.47092907485988494), 'pData_range': np.int64(2), 'pData_rate_std': np.float64(0.6831300510639732), 'pData_2_std': np.float64(0.0), 'pData_2_range': np.int64(0), 'pData_2_rate_std': np.float64(0.0), 'pData_3_std': np.float64(9.23178240924324), 'pData_3_range': np.int64(51), 'pData_3_rate_std': np.float64(13.589211407093005), 'pData_4_std': np.float64(13.6002475665323), 'pData_4_range': np.int64(77), 'pData_4_rate_std': np.float64(19.897208968375008)}"
162,"{'tData_std': np.float64(0.0), 'tData_range': np.int64(0), 'tData_rate_std': np.float64(0.0), 'tData_2_std': np.float64(0.0), 'tData_2_range': np.int64(0), 'tData_2_rate_std': np.float64(0.0), 'tData_3_std': np.float64(0.0), 'tData_3_range': np.int64(0), 'tData_3_rate_std': np.float64(0.0), 'tData_4_std': np.float64(0.0), 'tData_4_range': np.int64(0), 'tData_4_rate_std': np.float64(0.0), 'pData_std': np.float64(0.10751701037854351), 'pData_range': np.int64(1), 'pData_rate_std': np.float64(0.1533929977694741), 'pData_2_std': np.float64(0.48319367979200895), 'pData_2_range': np.int64(1), 'pData_2_rate_std': np.float64(0.5313689313240572), 'pData_3_std': np.float64(1.411614699112874), 'pData_3_range': np.int64(14), 'pData_3_rate_std': np.float64(1.7184123999990772), 'pData_4_std': np.float64(0.9156414652065826), 'pData_4_range': np.int64(7), 'pData_4_rate_std': np.float64(1.2879532326182364)}"
163,"{'tData_std': np.float64(0.0), 'tData_range': np.int64(0), 'tData_rate_std': np.float64(0.0), 'tData_2_std': np.float64(0.0), 'tData_2_range': np.int64(0), 'tData_2_rate_std': np.float64(0.0), 'tData_3_std': np.float64(0.0), 'tData_3_range': np.int64(0), 'tData_3_rate_std': np.float64(0.0), 'tData_4_std': np.float64(0.0), 'tData_4_range': np.int64(0), 'tData_4_rate_std': np.float64(0.0), 'pData_std': np.float64(0.0), 'pData_range': np.int64(0), 'pData_rate_std': np.float64(0.0), 'pData_2_std': np.float64(0.15016139291605457), 'pData_2_range': np.int64(1), 'pData_2_rate_std': np.float64(0.17609018126512477), 'pData_3_std': np.float64(0.944247347592311), 'pData_3_range': np.int64(7), 'pData_3_rate_std': np.float64(1.3381472430664783), 'pData_4_std': np.float64(1.521349340813573), 'pData_4_range': np.int64(14), 'pData_4_rate_std': np.float64(2.201113720373822)}"
164,"{'tData_std': np.float64(0.0), 'tData_range': np.int64(0), 'tData_rate_std': np.float64(0.0), 'tData_2_std': np.float64(0.0), 'tData_2_range': np.int64(0), 'tData_2_rate_std': np.float64(0.0), 'tData_3_std': np.float64(0.0), 'tData_3_range': np.int64(0), 'tData_3_rate_std': np.float64(0.0), 'tData_4_std': np.float64(0.0), 'tData_4_range': np.int64(0), 'tData_4_rate_std': np.float64(0.0), 'pData_std': np.float64(0.0), 'pData_range': np.int64(0), 'pData_rate_std': np.float64(0.0), 'pData_2_std': np.float64(0.09534625892455922), 'pData_2_range': np.int64(1), 'pData_2_rate_std': np.float64(0.13608276348795434), 'pData_3_std': np.float64(1.512803295709522), 'pData_3_range': np.int64(14), 'pData_3_rate_std': np.float64(2.158083052172634), 'pData_4_std': np.float64(1.3165083853159358), 'pData_4_range': np.int64(7), 'pData_4_rate_std': np.float64(1.8807012088678619)}"
165,"{'tData_std': np.float64(1.9991436522835855), 'tData_range': np.int64(6), 'tData_rate_std': np.float64(0.23443994516521796), 'tData_2_std': np.float64(0.0), 'tData_2_range': np.int64(0), 'tData_2_rate_std': np.float64(0.0), 'tData_3_std': np.float64(0.0), 'tData_3_range': np.int64(0), 'tData_3_rate_std': np.float64(0.0), 'tData_4_std': np.float64(0.0), 'tData_4_range': np.int64(0), 'tData_4_rate_std': np.float64(0.0), 'pData_std': np.float64(3.089491287161944), 'pData_range': np.int64(31), 'pData_rate_std': np.float64(1.9861908590164157), 'pData_2_std': np.float64(0.45419039681931755), 'pData_2_range': np.int64(2), 'pData_2_rate_std': np.float64(0.5332951056636192), 'pData_3_std': np.float64(2.0409414720060988), 'pData_3_range': np.int64(20), 'pData_3_rate_std': np.float64(2.8630799430865315), 'pData_4_std': np.float64(1.414829835003996), 'pData_4_range': np.int64(14), 'pData_4_rate_std': np.float64(2.0341127498000406)}"
166,"{'tData_std': np.float64(0.2991042220473355), 'tData_range': np.int64(1), 'tData_rate_std': np.float64(0.08737040566610378), 'tData_2_std': np.float64(0.0), 'tData_2_range': np.int64(0), 'tData_2_rate_std': np.float64(0.0), 'tData_3_std': np.float64(0.0), 'tData_3_range': np.int64(0), 'tData_3_rate_std': np.float64(0.0), 'tData_4_std': np.float64(0.3362410765081268), 'tData_4_range': np.int64(1), 'tData_4_rate_std': np.float64(0.3922322702763681), 'pData_std': np.float64(0.0), 'pData_range': np.int64(0), 'pData_rate_std': np.float64(0.0), 'pData_2_std': np.float64(0.45449918802240274), 'pData_2_range': np.int64(1), 'pData_2_rate_std': np.float64(0.47224803141026955), 'pData_3_std': np.float64(1.3637520191527617), 'pData_3_range': np.int64(14), 'pData_3_rate_std': np.float64(1.8790184966793653), 'pData_4_std': np.float64(1.7653690475822503), 'pData_4_range': np.int64(14), 'pData_4_rate_std': np.float64(2.5854509596411486)}"
167,"{'tData_std': np.float64(0.0), 'tData_range': np.int64(0), 'tData_rate_std': np.float64(0.0), 'tData_2_std': np.float64(0.0), 'tData_2_range': np.int64(0), 'tData_2_rate_std': np.float64(0.0), 'tData_3_std': np.float64(0.0), 'tData_3_range': np.int64(0), 'tData_3_rate_std': np.float64(0.0), 'tData_4_std': np.float64(0.0), 'tData_4_range': np.int64(0), 'tData_4_rate_std': np.float64(0.0), 'pData_std': np.float64(0.0), 'pData_range': np.int64(0), 'pData_rate_std': np.float64(0.0), 'pData_2_std': np.float64(0.43040049606014774), 'pData_2_range': np.int64(1), 'pData_2_rate_std': np.float64(0.2867335736722538), 'pData_3_std': np.float64(2.4926515899091926), 'pData_3_range': np.int64(20), 'pData_3_rate_std': np.float64(3.5859011043956794), 'pData_4_std': np.float64(2.0082694584116143), 'pData_4_range': np.int64(14), 'pData_4_rate_std': np.float64(2.860648621119995)}"
168,"{'tData_std': np.float64(0.0), 'tData_range': np.int64(0), 'tData_rate_std': np.float64(0.0), 'tData_2_std': np.float64(0.0), 'tData_2_range': np.int64(0), 'tData_2_rate_std': np.float64(0.0), 'tData_3_std': np.float64(0.30523981520150356), 'tData_3_range': np.int64(1), 'tData_3_rate_std': np.float64(0.2556549962824568), 'tData_4_std': np.float64(0.0), 'tData_4_range': np.int64(0), 'tData_4_rate_std': np.float64(0.0), 'pData_std': np.float64(0.08032193289024989), 'pData_range': np.int64(1), 'pData_rate_std': np.float64(0.1143323900950059), 'pData_2_std': np.float64(0.3566355844446343), 'pData_2_range': np.int64(1), 'pData_2_rate_std': np.float64(0.4714045207910317), 'pData_3_std': np.float64(1.8459298629877472), 'pData_3_range': np.int64(20), 'pData_3_rate_std': np.float64(2.645743290415963), 'pData_4_std': np.float64(0.9679834917072953), 'pData_4_range': np.int64(7), 'pData_4_rate_std': np.float64(1.3956046783744505)}"
169,"{'tData_std': np.float64(0.0), 'tData_range': np.int64(0), 'tData_rate_std': np.float64(0.0), 'tData_2_std': np.float64(0.4810679703192931), 'tData_2_range': np.int64(1), 'tData_2_rate_std': np.float64(0.3877690681043858), 'tData_3_std': np.float64(0.0), 'tData_3_range': np.int64(0), 'tData_3_rate_std': np.float64(0.0), 'tData_4_std': np.float64(0.0), 'tData_4_range': np.int64(0), 'tData_4_rate_std': np.float64(0.0), 'pData_std': np.float64(0.09325048082403137), 'pData_range': np.int64(1), 'pData_rate_std': np.float64(0.13303802104754786), 'pData_2_std': np.float64(0.38803618694635), 'pData_2_range': np.int64(1), 'pData_2_rate_std': np.float64(0.5236971028068403), 'pData_3_std': np.float64(0.9867157305301602), 'pData_3_range': np.int64(8), 'pData_3_rate_std': np.float64(1.3729086366232923), 'pData_4_std': np.float64(1.1128539598378457), 'pData_4_range': np.int64(7), 'pData_4_rate_std': np.float64(1.519755534807087)}"
170,"{'tData_std': np.float64(0.0), 'tData_range': np.int64(0), 'tData_rate_std': np.float64(0.0), 'tData_2_std': np.float64(0.0), 'tData_2_range': np.int64(0), 'tData_2_rate_std': np.float64(0.0), 'tData_3_std': np.float64(0.0), 'tData_3_range': np.int64(0), 'tData_3_rate_std': np.float64(0.0), 'tData_4_std': np.float64(0.0), 'tData_4_range': np.int64(0), 'tData_4_rate_std': np.float64(0.0), 'pData_std': np.float64(0.0), 'pData_range': np.int64(0), 'pData_rate_std': np.float64(0.0), 'pData_2_std': np.float64(0.46342406246508566), 'pData_2_range': np.int64(1), 'pData_2_rate_std': np.float64(0.5191493528683799), 'pData_3_std': np.float64(1.4059995290166243), 'pData_3_range': np.int64(14), 'pData_3_rate_std': np.float64(1.6117199045068773), 'pData_4_std': np.float64(1.0883857759366315), 'pData_4_range': np.int64(7), 'pData_4_rate_std': np.float64(1.4670816441437937)}"
171,"{'tData_std': np.float64(0.0), 'tData_range': np.int64(0), 'tData_rate_std': np.float64(0.0), 'tData_2_std': np.float64(0.3511835809125611), 'tData_2_range': np.int64(1), 'tData_2_rate_std': np.float64(0.22510554296569812), 'tData_3_std': np.float64(0.0), 'tData_3_range': np.int64(0), 'tData_3_rate_std': np.float64(0.0), 'tData_4_std': np.float64(0.0), 'tData_4_range': np.int64(0), 'tData_4_rate_std': np.float64(0.0), 'pData_std': np.float64(0.1190921465202281), 'pData_range': np.int64(1), 'pData_rate_std': np.float64(0.17025130615174972), 'pData_2_std': np.float64(0.30107720274771466), 'pData_2_range': np.int64(1), 'pData_2_rate_std': np.float64(0.41702882811414954), 'pData_3_std': np.float64(2.4504440942394106), 'pData_3_range': np.int64(27), 'pData_3_rate_std': np.float64(3.529372409780974), 'pData_4_std': np.float64(1.1050663482892213), 'pData_4_range': np.int64(7), 'pData_4_rate_std': np.float64(1.5879984667608413)}"
172,"{'tData_std': np.float64(0.0), 'tData_range': np.int64(0), 'tData_rate_std': np.float64(0.0), 'tData_2_std': np.float64(0.0), 'tData_2_range': np.int64(0), 'tData_2_rate_std': np.float64(0.0), 'tData_3_std': np.float64(0.0), 'tData_3_range': np.int64(0), 'tData_3_rate_std': np.float64(0.0), 'tData_4_std': np.float64(0.0), 'tData_4_range': np.int64(0), 'tData_4_rate_std': np.float64(0.0), 'pData_std': np.float64(0.19146195951337389), 'pData_range': np.int64(1), 'pData_rate_std': np.float64(0.2401922307076307), 'pData_2_std': np.float64(0.2180119271035166), 'pData_2_range': np.int64(2), 'pData_2_rate_std': np.float64(0.31008683647302115), 'pData_3_std': np.float64(0.7914638932633773), 'pData_3_range': np.int64(7), 'pData_3_rate_std': np.float64(1.0515120806142244), 'pData_4_std': np.float64(2.1728538378222964), 'pData_4_range': np.int64(20), 'pData_4_rate_std': np.float64(3.063431961806135)}"
173,"{'tData_std': np.float64(0.0), 'tData_range': np.int64(0), 'tData_rate_std': np.float64(0.0), 'tData_2_std': np.float64(0.0), 'tData_2_range': np.int64(0), 'tData_2_rate_std': np.float64(0.0), 'tData_3_std': np.float64(0.0), 'tData_3_range': np.int64(0), 'tData_3_rate_std': np.float64(0.0), 'tData_4_std': np.float64(0.0), 'tData_4_range': np.int64(0), 'tData_4_rate_std': np.float64(0.0), 'pData_std': np.float64(0.29530656397045935), 'pData_range': np.int64(1), 'pData_rate_std': np.float64(0.38254602783800296), 'pData_2_std': np.float64(0.23802351185830545), 'pData_2_range': np.int64(1), 'pData_2_rate_std': np.float64(0.2705008904002297), 'pData_3_std': np.float64(1.265353215808659), 'pData_3_range': np.int64(8), 'pData_3_rate_std': np.float64(1.2972766972655805), 'pData_4_std': np.float64(1.2040165139734695), 'pData_4_range': np.int64(7), 'pData_4_rate_std': np.float64(1.7390774117049645)}"
174,"{'tData_std': np.float64(0.0), 'tData_range': np.int64(0), 'tData_rate_std': np.float64(0.0), 'tData_2_std': np.float64(0.0), 'tData_2_range': np.int64(0), 'tData_2_rate_std': np.float64(0.0), 'tData_3_std': np.float64(0.22913544575873132), 'tData_3_range': np.int64(1), 'tData_3_rate_std': np.float64(0.28022641104683504), 'tData_4_std': np.float64(0.0), 'tData_4_range': np.int64(0), 'tData_4_rate_std': np.float64(0.0), 'pData_std': np.float64(0.20613306986226757), 'pData_range': np.int64(1), 'pData_rate_std': np.float64(0.2596453934447493), 'pData_2_std': np.float64(0.20965696734438366), 'pData_2_range': np.int64(2), 'pData_2_rate_std': np.float64(0.29981267559834457), 'pData_3_std': np.float64(0.9295054943250547), 'pData_3_range': np.int64(8), 'pData_3_rate_std': np.float64(1.2038743116713315), 'pData_4_std': np.float64(0.9833783437888836), 'pData_4_range': np.int64(7), 'pData_4_rate_std': np.float64(1.3739142802366537)}"
175,"{'tData_std': np.float64(0.0), 'tData_range': np.int64(0), 'tData_rate_std': np.float64(0.0), 'tData_2_std': np.float64(0.0), 'tData_2_range': np.int64(0), 'tData_2_rate_std': np.float64(0.0), 'tData_3_std': np.float64(0.0), 'tData_3_range': np.int64(0), 'tData_3_rate_std': np.float64(0.0), 'tData_4_std': np.float64(0.0), 'tData_4_range': np.int64(0), 'tData_4_rate_std': np.float64(0.0), 'pData_std': np.float64(0.46763699169097905), 'pData_range': np.int64(1), 'pData_rate_std': np.float64(0.6131393394849658), 'pData_2_std': np.float64(0.36378332625027143), 'pData_2_range': np.int64(1), 'pData_2_rate_std': np.float64(0.47493569014597764), 'pData_3_std': np.float64(3.090258235911902), 'pData_3_range': np.int64(27), 'pData_3_rate_std': np.float64(4.3718167796566245), 'pData_4_std': np.float64(1.3184492624714246), 'pData_4_range': np.int64(7), 'pData_4_rate_std': np.float64(1.8510946635058987)}"
176,"{'tData_std': np.float64(0.0), 'tData_range': np.int64(0), 'tData_rate_std': np.float64(0.0), 'tData_2_std': np.float64(0.33968948346420613), 'tData_2_range': np.int64(1), 'tData_2_rate_std': np.float64(0.23124864503144013), 'tData_3_std': np.float64(0.308424254327437), 'tData_3_range': np.int64(1), 'tData_3_rate_std': np.float64(0.25332019855244947), 'tData_4_std': np.float64(0.0), 'tData_4_range': np.int64(0), 'tData_4_rate_std': np.float64(0.0), 'pData_std': np.float64(0.47963127043393494), 'pData_range': np.int64(1), 'pData_rate_std': np.float64(0.5985485154995862), 'pData_2_std': np.float64(0.46016604201187133), 'pData_2_range': np.int64(1), 'pData_2_rate_std': np.float64(0.5616756864451735), 'pData_3_std': np.float64(1.8826754790352416), 'pData_3_range': np.int64(24), 'pData_3_rate_std': np.float64(2.6353615077408192), 'pData_4_std': np.float64(0.8250687784961491), 'pData_4_range': np.int64(7), 'pData_4_rate_std': np.float64(1.146955980580935)}"
177,"{'tData_std': np.float64(0.0), 'tData_range': np.int64(0), 'tData_rate_std': np.float64(0.0), 'tData_2_std': np.float64(0.0), 'tData_2_range': np.int64(0), 'tData_2_rate_std': np.float64(0.0), 'tData_3_std': np.float64(0.0), 'tData_3_range': np.int64(0), 'tData_3_rate_std': np.float64(0.0), 'tData_4_std': np.float64(0.0), 'tData_4_range': np.int64(0), 'tData_4_rate_std': np.float64(0.0), 'pData_std': np.float64(0.3983041789032373), 'pData_range': np.int64(1), 'pData_rate_std': np.float64(0.5477225575051661), 'pData_2_std': np.float64(0.41040151368212), 'pData_2_range': np.int64(1), 'pData_2_rate_std': np.float64(0.5477225575051661), 'pData_3_std': np.float64(0.0), 'pData_3_range': np.int64(0), 'pData_3_rate_std': np.float64(0.0), 'pData_4_std': np.float64(0.8659490717227875), 'pData_4_range': np.int64(7), 'pData_4_rate_std': np.float64(1.2178095537848346)}"
178,"{'tData_std': np.float64(0.0), 'tData_range': np.int64(0), 'tData_rate_std': np.float64(0.0), 'tData_2_std': np.float64(0.0), 'tData_2_range': np.int64(0), 'tData_2_rate_std': np.float64(0.0), 'tData_3_std': np.float64(0.0), 'tData_3_range': np.int64(0), 'tData_3_rate_std': np.float64(0.0), 'tData_4_std': np.float64(0.0), 'tData_4_range': np.int64(0), 'tData_4_rate_std': np.float64(0.0), 'pData_std': np.float64(0.23637040369288087), 'pData_range': np.int64(2), 'pData_rate_std': np.float64(0.3373738848983159), 'pData_2_std': np.float64(0.12598002913928655), 'pData_2_range': np.int64(1), 'pData_2_rate_std': np.float64(0.15596370965919693), 'pData_3_std': np.float64(0.8818602039750056), 'pData_3_range': np.int64(7), 'pData_3_rate_std': np.float64(1.2623374885344052), 'pData_4_std': np.float64(1.0946792135804724), 'pData_4_range': np.int64(7), 'pData_4_rate_std': np.float64(1.4482958867613194)}"
179,"{'tData_std': np.float64(3.3120154330312106), 'tData_range': np.int64(8), 'tData_rate_std': np.float64(0.18051972219087203), 'tData_2_std': np.float64(0.4921775723618313), 'tData_2_range': np.int64(1), 'tData_2_rate_std': np.float64(0.0868927280581362), 'tData_3_std': np.float64(0.4971423736373186), 'tData_3_range': np.int64(1), 'tData_3_rate_std': np.float64(0.05012547071170856), 'tData_4_std': np.float64(0.4786206424969452), 'tData_4_range': np.int64(1), 'tData_4_rate_std': np.float64(0.05012547071170856), 'pData_std': np.float64(1.6051374680557837), 'pData_range': np.int64(20), 'pData_rate_std': np.float64(0.9199715251315644), 'pData_2_std': np.float64(2.479411069365273), 'pData_2_range': np.int64(30), 'pData_2_rate_std': np.float64(1.2726511801315163), 'pData_3_std': np.float64(2.8660608168242776), 'pData_3_range': np.int64(25), 'pData_3_rate_std': np.float64(2.677455087031909), 'pData_4_std': np.float64(4.598905863284867), 'pData_4_range': np.int64(57), 'pData_4_rate_std': np.float64(3.0540873580370747)}"
180,"{'tData_std': np.float64(1.1237325846329054), 'tData_range': np.int64(6), 'tData_rate_std': np.float64(0.20281208704522133), 'tData_2_std': np.float64(0.432681474009049), 'tData_2_range': np.int64(4), 'tData_2_rate_std': np.float64(0.13046561461068845), 'tData_3_std': np.float64(1.097315925083968), 'tData_3_range': np.int64(5), 'tData_3_rate_std': np.float64(0.12490327360810612), 'tData_4_std': np.float64(1.5789674553943263), 'tData_4_range': np.int64(8), 'tData_4_rate_std': np.float64(0.20965101743843959), 'pData_std': np.float64(9.48645115775945), 'pData_range': np.int64(133), 'pData_rate_std': np.float64(8.537609273406597), 'pData_2_std': np.float64(3.9249503670643793), 'pData_2_range': np.int64(97), 'pData_2_rate_std': np.float64(4.142153880775677), 'pData_3_std': np.float64(18.61844648403582), 'pData_3_range': np.int64(349), 'pData_3_rate_std': np.float64(12.254974384433472), 'pData_4_std': np.float64(10.276948793337228), 'pData_4_range': np.int64(151), 'pData_4_rate_std': np.float64(9.872017806888875)}"
181,"{'tData_std': np.float64(0.0), 'tData_range': np.int64(0), 'tData_rate_std': np.float64(0.0), 'tData_2_std': np.float64(0.0), 'tData_2_range': np.int64(0), 'tData_2_rate_std': np.float64(0.0), 'tData_3_std': np.float64(0.08944271909999157), 'tData_3_range': np.int64(1), 'tData_3_rate_std': np.float64(0.12751534261266767), 'tData_4_std': np.float64(0.08944271909999156), 'tData_4_range': np.int64(1), 'tData_4_rate_std': np.float64(0.08980265101338748), 'pData_std': np.float64(0.40751014236339234), 'pData_range': np.int64(1), 'pData_rate_std': np.float64(0.413117588762924), 'pData_2_std': np.float64(0.42774728746712576), 'pData_2_range': np.int64(2), 'pData_2_rate_std': np.float64(0.5098042182435266), 'pData_3_std': np.float64(1.5503589594754528), 'pData_3_range': np.int64(17), 'pData_3_rate_std': np.float64(2.208630521496931), 'pData_4_std': np.float64(0.7765099754256115), 'pData_4_range': np.int64(8), 'pData_4_rate_std': np.float64(1.0820035616009187)}"
183,"{'tData_std': np.float64(0.0), 'tData_range': np.int64(0), 'tData_rate_std': np.float64(0.0), 'tData_2_std': np.float64(0.0), 'tData_2_range': np.int64(0), 'tData_2_rate_std': np.float64(0.0), 'tData_3_std': np.float64(0.0), 'tData_3_range': np.int64(0), 'tData_3_rate_std': np.float64(0.0), 'tData_4_std': np.float64(0.37424059428255985), 'tData_4_range': np.int64(1), 'tData_4_rate_std': np.float64(0.09166984970282113), 'pData_std': np.float64(0.24123282801253304), 'pData_range': np.int64(2), 'pData_rate_std': np.float64(0.2760434232399485), 'pData_2_std': np.float64(0.5014684319429231), 'pData_2_range': np.int64(1), 'pData_2_rate_std': np.float64(0.4871223004474547), 'pData_3_std': np.float64(0.6080689921050603), 'pData_3_range': np.int64(7), 'pData_3_rate_std': np.float64(0.838640933643133), 'pData_4_std': np.float64(0.639009650422694), 'pData_4_range': np.int64(7), 'pData_4_rate_std': np.float64(0.9113223768657671)}"
184,"{'tData_std': np.float64(0.0), 'tData_range': np.int64(0), 'tData_rate_std': np.float64(0.0), 'tData_2_std': np.float64(0.0), 'tData_2_range': np.int64(0), 'tData_2_rate_std': np.float64(0.0), 'tData_3_std': np.float64(0.4743154270926779), 'tData_3_range': np.int64(1), 'tData_3_rate_std': np.float64(0.12267946550373214), 'tData_4_std': np.float64(0.21797347960461902), 'tData_4_range': np.int64(1), 'tData_4_rate_std': np.float64(0.12267946550373215), 'pData_std': np.float64(0.2215953014211725), 'pData_range': np.int64(2), 'pData_rate_std': np.float64(0.2652390597064653), 'pData_2_std': np.float64(0.6495693177078661), 'pData_2_range': np.int64(2), 'pData_2_rate_std': np.float64(0.4961915256740624), 'pData_3_std': np.float64(1.0741420271674333), 'pData_3_range': np.int64(14), 'pData_3_rate_std': np.float64(1.463114321434911), 'pData_4_std': np.float64(0.5642764926868786), 'pData_4_range': np.int64(8), 'pData_4_rate_std': np.float64(0.8020075313873368)}"
185,"{'tData_std': np.float64(0.0), 'tData_range': np.int64(0), 'tData_rate_std': np.float64(0.0), 'tData_2_std': np.float64(0.0), 'tData_2_range': np.int64(0), 'tData_2_rate_std': np.float64(0.0), 'tData_3_std': np.float64(0.0), 'tData_3_range': np.int64(0), 'tData_3_rate_std': np.float64(0.0), 'tData_4_std': np.float64(0.0), 'tData_4_range': np.int64(0), 'tData_4_rate_std': np.float64(0.0), 'pData_std': np.float64(0.0), 'pData_range': np.int64(0), 'pData_rate_std': np.float64(0.0), 'pData_2_std': np.float64(0.4949119921657044), 'pData_2_range': np.int64(1), 'pData_2_rate_std': np.float64(0.47747175268428077), 'pData_3_std': np.float64(1.1731420313614043), 'pData_3_range': np.int64(14), 'pData_3_rate_std': np.float64(1.5201581592109237), 'pData_4_std': np.float64(1.272370534745938), 'pData_4_range': np.int64(8), 'pData_4_rate_std': np.float64(1.8323517548134354)}"
186,"{'tData_std': np.float64(0.0), 'tData_range': np.int64(0), 'tData_rate_std': np.float64(0.0), 'tData_2_std': np.float64(0.0), 'tData_2_range': np.int64(0), 'tData_2_rate_std': np.float64(0.0), 'tData_3_std': np.float64(0.0), 'tData_3_range': np.int64(0), 'tData_3_rate_std': np.float64(0.0), 'tData_4_std': np.float64(0.0), 'tData_4_range': np.int64(0), 'tData_4_rate_std': np.float64(0.0), 'pData_std': np.float64(0.5004782132798626), 'pData_range': np.int64(1), 'pData_rate_std': np.float64(0.3506653786157105), 'pData_2_std': np.float64(0.4594927921385091), 'pData_2_range': np.int64(2), 'pData_2_rate_std': np.float64(0.40712032180032626), 'pData_3_std': np.float64(0.6948614080875392), 'pData_3_range': np.int64(8), 'pData_3_rate_std': np.float64(0.8175700295474662), 'pData_4_std': np.float64(0.7181646338356937), 'pData_4_range': np.int64(7), 'pData_4_rate_std': np.float64(1.023781393777983)}"
187,"{'tData_std': np.float64(0.0), 'tData_range': np.int64(0), 'tData_rate_std': np.float64(0.0), 'tData_2_std': np.float64(0.0), 'tData_2_range': np.int64(0), 'tData_2_rate_std': np.float64(0.0), 'tData_3_std': np.float64(0.0), 'tData_3_range': np.int64(0), 'tData_3_rate_std': np.float64(0.0), 'tData_4_std': np.float64(0.0), 'tData_4_range': np.int64(0), 'tData_4_rate_std': np.float64(0.0), 'pData_std': np.float64(0.34683740251858125), 'pData_range': np.int64(1), 'pData_rate_std': np.float64(0.33769081675298523), 'pData_2_std': np.float64(0.4942041141818568), 'pData_2_range': np.int64(1), 'pData_2_rate_std': np.float64(0.4821171928750008), 'pData_3_std': np.float64(1.9197691463012376), 'pData_3_range': np.int64(21), 'pData_3_rate_std': np.float64(2.5734814974162648), 'pData_4_std': np.float64(0.8910776430047608), 'pData_4_range': np.int64(8), 'pData_4_rate_std': np.float64(1.273894429512846)}"
188,"{'tData_std': np.float64(0.0), 'tData_range': np.int64(0), 'tData_rate_std': np.float64(0.0), 'tData_2_std': np.float64(0.0), 'tData_2_range': np.int64(0), 'tData_2_rate_std': np.float64(0.0), 'tData_3_std': np.float64(0.0), 'tData_3_range': np.int64(0), 'tData_3_rate_std': np.float64(0.0), 'tData_4_std': np.float64(0.0), 'tData_4_range': np.int64(0), 'tData_4_rate_std': np.float64(0.0), 'pData_std': np.float64(0.17402156519994635), 'pData_range': np.int64(1), 'pData_rate_std': np.float64(0.2513123449750173), 'pData_2_std': np.float64(0.3730620025303552), 'pData_2_range': np.int64(1), 'pData_2_rate_std': np.float64(0.35540932665545544), 'pData_3_std': np.float64(2.1382119099428167), 'pData_3_range': np.int64(20), 'pData_3_rate_std': np.float64(3.0607876523260447), 'pData_4_std': np.float64(0.0), 'pData_4_range': np.int64(0), 'pData_4_rate_std': np.float64(0.0)}"
189,"{'tData_std': np.float64(0.0), 'tData_range': np.int64(0), 'tData_rate_std': np.float64(0.0), 'tData_2_std': np.float64(0.0), 'tData_2_range': np.int64(0), 'tData_2_rate_std': np.float64(0.0), 'tData_3_std': np.float64(0.0), 'tData_3_range': np.int64(0), 'tData_3_rate_std': np.float64(0.0), 'tData_4_std': np.float64(0.0), 'tData_4_range': np.int64(0), 'tData_4_rate_std': np.float64(0.0), 'pData_std': np.float64(0.19352743916802656), 'pData_range': np.int64(1), 'pData_rate_std': np.float64(0.2286647801900118), 'pData_2_std': np.float64(0.4998533509280673), 'pData_2_range': np.int64(1), 'pData_2_rate_std': np.float64(0.4277926319464986), 'pData_3_std': np.float64(1.7251922292605921), 'pData_3_range': np.int64(21), 'pData_3_rate_std': np.float64(2.444147337856359), 'pData_4_std': np.float64(0.6793377588004722), 'pData_4_range': np.int64(6), 'pData_4_rate_std': np.float64(0.9701425001453319)}"
190,"{'tData_std': np.float64(0.0), 'tData_range': np.int64(0), 'tData_rate_std': np.float64(0.0), 'tData_2_std': np.float64(0.0), 'tData_2_range': np.int64(0), 'tData_2_rate_std': np.float64(0.0), 'tData_3_std': np.float64(0.0), 'tData_3_range': np.int64(0), 'tData_3_rate_std': np.float64(0.0), 'tData_4_std': np.float64(0.0), 'tData_4_range': np.int64(0), 'tData_4_rate_std': np.float64(0.0), 'pData_std': np.float64(0.0), 'pData_range': np.int64(0), 'pData_rate_std': np.float64(0.0), 'pData_2_std': np.float64(0.3227020127613648), 'pData_2_range': np.int64(1), 'pData_2_rate_std': np.float64(0.31889640207164033), 'pData_3_std': np.float64(2.3143381222438753), 'pData_3_range': np.int64(28), 'pData_3_rate_std': np.float64(3.3012532990910795), 'pData_4_std': np.float64(1.3097558639206428), 'pData_4_range': np.int64(13), 'pData_4_rate_std': np.float64(1.8806177612268284)}"
191,"{'tData_std': np.float64(0.7657903090376303), 'tData_range': np.int64(2), 'tData_rate_std': np.float64(0.2452831042175745), 'tData_2_std': np.float64(0.38573365890801325), 'tData_2_range': np.int64(2), 'tData_2_rate_std': np.float64(0.08330125120189091), 'tData_3_std': np.float64(0.3900686517395248), 'tData_3_range': np.int64(1), 'tData_3_rate_std': np.float64(0.08330125120189091), 'tData_4_std': np.float64(2.3886311329385728), 'tData_4_range': np.int64(9), 'tData_4_rate_std': np.float64(0.2805036893396021), 'pData_std': np.float64(0.0), 'pData_range': np.int64(0), 'pData_rate_std': np.float64(0.0), 'pData_2_std': np.float64(0.28819392063404564), 'pData_2_range': np.int64(2), 'pData_2_rate_std': np.float64(0.3191423692521127), 'pData_3_std': np.float64(1.6198973523753049), 'pData_3_range': np.int64(21), 'pData_3_rate_std': np.float64(2.2505143445032325), 'pData_4_std': np.float64(0.7222073268179333), 'pData_4_range': np.int64(7), 'pData_4_rate_std': np.float64(1.0296529440472577)}"
192,"{'tData_std': np.float64(0.3593290527947613), 'tData_range': np.int64(1), 'tData_rate_std': np.float64(0.13569873101919938), 'tData_2_std': np.float64(0.0), 'tData_2_range': np.int64(0), 'tData_2_rate_std': np.float64(0.0), 'tData_3_std': np.float64(0.0), 'tData_3_range': np.int64(0), 'tData_3_rate_std': np.float64(0.0), 'tData_4_std': np.float64(0.2774053560566093), 'tData_4_range': np.int64(1), 'tData_4_rate_std': np.float64(0.05123155195785599), 'pData_std': np.float64(0.39368285402533204), 'pData_range': np.int64(1), 'pData_rate_std': np.float64(0.2235913526249217), 'pData_2_std': np.float64(0.15259546083838987), 'pData_2_range': np.int64(2), 'pData_2_rate_std': np.float64(0.20519567041703082), 'pData_3_std': np.float64(0.918315285777624), 'pData_3_range': np.int64(13), 'pData_3_rate_std': np.float64(1.1459280028455037), 'pData_4_std': np.float64(1.0261454083815391), 'pData_4_range': np.int64(8), 'pData_4_rate_std': np.float64(1.3659365163333368)}"
193,"{'tData_std': np.float64(0.0), 'tData_range': np.int64(0), 'tData_rate_std': np.float64(0.0), 'tData_2_std': np.float64(0.0), 'tData_2_range': np.int64(0), 'tData_2_rate_std': np.float64(0.0), 'tData_3_std': np.float64(0.0), 'tData_3_range': np.int64(0), 'tData_3_rate_std': np.float64(0.0), 'tData_4_std': np.float64(0.0), 'tData_4_range': np.int64(0), 'tData_4_rate_std': np.float64(0.0), 'pData_std': np.float64(0.0), 'pData_range': np.int64(0), 'pData_rate_std': np.float64(0.0), 'pData_2_std': np.float64(0.33166247903553997), 'pData_2_range': np.int64(1), 'pData_2_rate_std': np.float64(0.29488391230979427), 'pData_3_std': np.float64(0.37416573867739417), 'pData_3_range': np.int64(1), 'pData_3_rate_std': np.float64(0.4643056214875365), 'pData_4_std': np.float64(0.0), 'pData_4_range': np.int64(0), 'pData_4_rate_std': np.float64(0.0)}"
194,"{'tData_std': np.float64(0.0), 'tData_range': np.int64(0), 'tData_rate_std': np.float64(0.0), 'tData_2_std': np.float64(0.0), 'tData_2_range': np.int64(0), 'tData_2_rate_std': np.float64(0.0), 'tData_3_std': np.float64(0.0), 'tData_3_range': np.int64(0), 'tData_3_rate_std': np.float64(0.0), 'tData_4_std': np.float64(0.0), 'tData_4_range': np.int64(0), 'tData_4_rate_std': np.float64(0.0), 'pData_std': np.float64(0.4391692918015609), 'pData_range': np.int64(1), 'pData_rate_std': np.float64(0.5298129428260175), 'pData_2_std': np.float64(0.32614497319717867), 'pData_2_range': np.int64(1), 'pData_2_rate_std': np.float64(0.3746343246326776), 'pData_3_std': np.float64(1.774881561890139), 'pData_3_range': np.int64(7), 'pData_3_rate_std': np.float64(2.6224402724287432), 'pData_4_std': np.float64(1.3954924513464948), 'pData_4_range': np.int64(7), 'pData_4_rate_std': np.float64(2.1026299321513875)}"
195,"{'tData_std': np.float64(0.0), 'tData_range': np.int64(0), 'tData_rate_std': np.float64(0.0), 'tData_2_std': np.float64(0.0), 'tData_2_range': np.int64(0), 'tData_2_rate_std': np.float64(0.0), 'tData_3_std': np.float64(0.0), 'tData_3_range': np.int64(0), 'tData_3_rate_std': np.float64(0.0), 'tData_4_std': np.float64(0.0), 'tData_4_range': np.int64(0), 'tData_4_rate_std': np.float64(0.0), 'pData_std': np.float64(0.3557430055428748), 'pData_range': np.int64(2), 'pData_rate_std': np.float64(0.27957086786040186), 'pData_2_std': np.float64(0.561427452223559), 'pData_2_range': np.int64(2), 'pData_2_rate_std': np.float64(0.3743430807166052), 'pData_3_std': np.float64(1.147230439158905), 'pData_3_range': np.int64(13), 'pData_3_rate_std': np.float64(1.6277556455392161), 'pData_4_std': np.float64(0.9055069968736759), 'pData_4_range': np.int64(7), 'pData_4_rate_std': np.float64(1.2895989805104442)}"
196,"{'tData_std': np.float64(0.6853467745934673), 'tData_range': np.int64(2), 'tData_rate_std': np.float64(0.11744404390294069), 'tData_2_std': np.float64(0.4629923230673904), 'tData_2_range': np.int64(1), 'tData_2_rate_std': np.float64(0.10182676999189583), 'tData_3_std': np.float64(0.4194862532581867), 'tData_3_range': np.int64(1), 'tData_3_rate_std': np.float64(0.10182676999189583), 'tData_4_std': np.float64(0.0), 'tData_4_range': np.int64(0), 'tData_4_rate_std': np.float64(0.0), 'pData_std': np.float64(13.734699552505921), 'pData_range': np.int64(160), 'pData_rate_std': np.float64(10.415585872419465), 'pData_2_std': np.float64(8.383877055278107), 'pData_2_range': np.int64(129), 'pData_2_rate_std': np.float64(8.212783636372565), 'pData_3_std': np.float64(1.1072587956417994), 'pData_3_range': np.int64(12), 'pData_3_rate_std': np.float64(1.5784009252939692), 'pData_4_std': np.float64(1.2407448576851967), 'pData_4_range': np.int64(11), 'pData_4_rate_std': np.float64(1.7099308467816947)}"
197,"{'tData_std': np.float64(0.0), 'tData_range': np.int64(0), 'tData_rate_std': np.float64(0.0), 'tData_2_std': np.float64(0.0), 'tData_2_range': np.int64(0), 'tData_2_rate_std': np.float64(0.0), 'tData_3_std': np.float64(0.0), 'tData_3_range': np.int64(0), 'tData_3_rate_std': np.float64(0.0), 'tData_4_std': np.float64(0.0), 'tData_4_range': np.int64(0), 'tData_4_rate_std': np.float64(0.0), 'pData_std': np.float64(0.44810502513338474), 'pData_range': np.int64(1), 'pData_rate_std': np.float64(0.4441091613927225), 'pData_2_std': np.float64(0.36736051188444396), 'pData_2_range': np.int64(2), 'pData_2_rate_std': np.float64(0.3086066999241838), 'pData_3_std': np.float64(1.0622302156395265), 'pData_3_range': np.int64(7), 'pData_3_rate_std': np.float64(1.4333254231707058), 'pData_4_std': np.float64(1.1941875070200358), 'pData_4_range': np.int64(8), 'pData_4_rate_std': np.float64(1.674132936309233)}"
198,"{'tData_std': np.float64(2.3531815182265077), 'tData_range': np.int64(7), 'tData_rate_std': np.float64(0.16230686829029883), 'tData_2_std': np.float64(1.0327583270428875), 'tData_2_range': np.int64(6), 'tData_2_rate_std': np.float64(0.13777842940215346), 'tData_3_std': np.float64(0.9207333957965191), 'tData_3_range': np.int64(2), 'tData_3_rate_std': np.float64(0.09183883928803288), 'tData_4_std': np.float64(3.020206476918242), 'tData_4_range': np.int64(9), 'tData_4_rate_std': np.float64(0.12135862975825845), 'pData_std': np.float64(5.865284172753545), 'pData_range': np.int64(89), 'pData_rate_std': np.float64(3.470185823073943), 'pData_2_std': np.float64(1.4465593556004321), 'pData_2_range': np.int64(24), 'pData_2_rate_std': np.float64(0.7137874749147458), 'pData_3_std': np.float64(2.6033567917834994), 'pData_3_range': np.int64(38), 'pData_3_rate_std': np.float64(1.93185482487295), 'pData_4_std': np.float64(8.359672283113094), 'pData_4_range': np.int64(52), 'pData_4_rate_std': np.float64(3.678394976855894)}"
199,"{'tData_std': np.float64(0.0), 'tData_range': np.int64(0), 'tData_rate_std': np.float64(0.0), 'tData_2_std': np.float64(0.0), 'tData_2_range': np.int64(0), 'tData_2_rate_std': np.float64(0.0), 'tData_3_std': np.float64(0.1367049011885994), 'tData_3_range': np.int64(1), 'tData_3_rate_std': np.float64(0.1386750490563073), 'tData_4_std': np.float64(0.0), 'tData_4_range': np.int64(0), 'tData_4_rate_std': np.float64(0.0), 'pData_std': np.float64(0.21300907522352922), 'pData_range': np.int64(1), 'pData_rate_std': np.float64(0.2592607128280667), 'pData_2_std': np.float64(0.5386249172082148), 'pData_2_range': np.int64(2), 'pData_2_rate_std': np.float64(0.2394285014905438), 'pData_3_std': np.float64(0.9605422996588765), 'pData_3_range': np.int64(7), 'pData_3_rate_std': np.float64(1.3008872711759818), 'pData_4_std': np.float64(1.6788949431125775), 'pData_4_range': np.int64(14), 'pData_4_rate_std': np.float64(2.3818221854447748)}"
200,"{'tData_std': np.float64(2.504684306659722), 'tData_range': np.int64(6), 'tData_rate_std': np.float64(0.12267912301642961), 'tData_2_std': np.float64(0.48057620035413856), 'tData_2_range': np.int64(1), 'tData_2_rate_std': np.float64(0.040893041005476534), 'tData_3_std': np.float64(0.47858536048439276), 'tData_3_range': np.int64(1), 'tData_3_rate_std': np.float64(0.07086836074560628), 'tData_4_std': np.float64(2.30363572188701), 'tData_4_range': np.int64(7), 'tData_4_rate_std': np.float64(0.19621608876118413), 'pData_std': np.float64(0.9996900709551372), 'pData_range': np.int64(4), 'pData_rate_std': np.float64(0.36144441071646555), 'pData_2_std': np.float64(0.6997427554765069), 'pData_2_range': np.int64(3), 'pData_2_rate_std': np.float64(0.34485529157308675), 'pData_3_std': np.float64(1.4008393385083038), 'pData_3_range': np.int64(15), 'pData_3_rate_std': np.float64(1.8579651287334722), 'pData_4_std': np.float64(1.3260800229673473), 'pData_4_range': np.int64(15), 'pData_4_rate_std': np.float64(1.814236612285947)}"
201,"{'tData_std': np.float64(0.0), 'tData_range': np.int64(0), 'tData_rate_std': np.float64(0.0), 'tData_2_std': np.float64(0.0), 'tData_2_range': np.int64(0), 'tData_2_rate_std': np.float64(0.0), 'tData_3_std': np.float64(0.0), 'tData_3_range': np.int64(0), 'tData_3_rate_std': np.float64(0.0), 'tData_4_std': np.float64(0.0), 'tData_4_range': np.int64(0), 'tData_4_rate_std': np.float64(0.0), 'pData_std': np.float64(0.1360827634879543), 'pData_range': np.int64(1), 'pData_rate_std': np.float64(0.19611613513818404), 'pData_2_std': np.float64(0.49912572061109167), 'pData_2_range': np.int64(1), 'pData_2_rate_std': np.float64(0.4996370235456261), 'pData_3_std': np.float64(0.2925824198357195), 'pData_3_range': np.int64(1), 'pData_3_rate_std': np.float64(0.3396831102433787), 'pData_4_std': np.float64(1.7087966595705903), 'pData_4_range': np.int64(8), 'pData_4_rate_std': np.float64(2.4217807024340887)}"
202,"{'tData_std': np.float64(0.0), 'tData_range': np.int64(0), 'tData_rate_std': np.float64(0.0), 'tData_2_std': np.float64(0.0), 'tData_2_range': np.int64(0), 'tData_2_rate_std': np.float64(0.0), 'tData_3_std': np.float64(0.0), 'tData_3_range': np.int64(0), 'tData_3_rate_std': np.float64(0.0), 'tData_4_std': np.float64(1.6345916427525575), 'tData_4_range': np.int64(4), 'tData_4_rate_std': np.float64(0.23574279737412765), 'pData_std': np.float64(0.5912948753622254), 'pData_range': np.int64(2), 'pData_rate_std': np.float64(0.3518533606084768), 'pData_2_std': np.float64(0.4918712452840905), 'pData_2_range': np.int64(1), 'pData_2_rate_std': np.float64(0.2668292991060868), 'pData_3_std': np.float64(1.4852040126407862), 'pData_3_range': np.int64(14), 'pData_3_rate_std': np.float64(1.8926261617588769), 'pData_4_std': np.float64(1.731409188429407), 'pData_4_range': np.int64(21), 'pData_4_rate_std': np.float64(2.2867209300007625)}"
203,"{'tData_std': np.float64(0.0), 'tData_range': np.int64(0), 'tData_rate_std': np.float64(0.0), 'tData_2_std': np.float64(0.0), 'tData_2_range': np.int64(0), 'tData_2_rate_std': np.float64(0.0), 'tData_3_std': np.float64(0.0), 'tData_3_range': np.int64(0), 'tData_3_rate_std': np.float64(0.0), 'tData_4_std': np.float64(0.0), 'tData_4_range': np.int64(0), 'tData_4_rate_std': np.float64(0.0), 'pData_std': np.float64(0.0), 'pData_range': np.int64(0), 'pData_rate_std': np.float64(0.0), 'pData_2_std': np.float64(0.0), 'pData_2_range': np.int64(0), 'pData_2_rate_std': np.float64(0.0), 'pData_3_std': np.float64(0.0), 'pData_3_range': np.int64(0), 'pData_3_rate_std': np.float64(0.0), 'pData_4_std': np.float64(0.4489777585448796), 'pData_4_range': np.int64(1), 'pData_4_rate_std': np.float64(0.4857270179130826)}"
204,"{'tData_std': np.float64(0.40424855003378973), 'tData_range': np.int64(1), 'tData_rate_std': np.float64(0.07265394693236979), 'tData_2_std': np.float64(0.041885390829169554), 'tData_2_range': np.int64(1), 'tData_2_rate_std': np.float64(0.04192218081503185), 'tData_3_std': np.float64(0.494710403918243), 'tData_3_range': np.int64(1), 'tData_3_rate_std': np.float64(0.11099932218702224), 'tData_4_std': np.float64(0.43688365326303186), 'tData_4_range': np.int64(1), 'tData_4_rate_std': np.float64(0.07265394693236978), 'pData_std': np.float64(0.3244238350942068), 'pData_range': np.int64(1), 'pData_rate_std': np.float64(0.24822696101323422), 'pData_2_std': np.float64(0.4338987462237383), 'pData_2_range': np.int64(1), 'pData_2_rate_std': np.float64(0.33828024710632515), 'pData_3_std': np.float64(0.746952409965567), 'pData_3_range': np.int64(13), 'pData_3_rate_std': np.float64(0.9732333217638766), 'pData_4_std': np.float64(1.0859581155959295), 'pData_4_range': np.int64(14), 'pData_4_rate_std': np.float64(1.4395068615520927)}"
205,"{'tData_std': np.float64(0.36610089098981013), 'tData_range': np.int64(1), 'tData_rate_std': np.float64(0.11538486750848585), 'tData_2_std': np.float64(0.0), 'tData_2_range': np.int64(0), 'tData_2_rate_std': np.float64(0.0), 'tData_3_std': np.float64(0.0), 'tData_3_range': np.int64(0), 'tData_3_rate_std': np.float64(0.0), 'tData_4_std': np.float64(0.45712002259783124), 'tData_4_range': np.int64(1), 'tData_4_rate_std': np.float64(0.11538486750848584), 'pData_std': np.float64(0.33565782108980863), 'pData_range': np.int64(2), 'pData_rate_std': np.float64(0.24032917445536084), 'pData_2_std': np.float64(0.3961728730040418), 'pData_2_range': np.int64(1), 'pData_2_rate_std': np.float64(0.29055942380356886), 'pData_3_std': np.float64(1.0496429960167295), 'pData_3_range': np.int64(14), 'pData_3_rate_std': np.float64(1.4359343896181684), 'pData_4_std': np.float64(1.981907168639902), 'pData_4_range': np.int64(21), 'pData_4_rate_std': np.float64(2.764051434817489)}"
206,"{'tData_std': np.float64(0.0), 'tData_range': np.int64(0), 'tData_rate_std': np.float64(0.0), 'tData_2_std': np.float64(0.0), 'tData_2_range': np.int64(0), 'tData_2_rate_std': np.float64(0.0), 'tData_3_std': np.float64(0.0), 'tData_3_range': np.int64(0), 'tData_3_rate_std': np.float64(0.0), 'tData_4_std': np.float64(0.0), 'tData_4_range': np.int64(0), 'tData_4_rate_std': np.float64(0.0), 'pData_std': np.float64(0.3321055820775357), 'pData_range': np.int64(1), 'pData_rate_std': np.float64(0.3318106035056371), 'pData_2_std': np.float64(0.20066416332413978), 'pData_2_range': np.int64(1), 'pData_2_rate_std': np.float64(0.22549380840084865), 'pData_3_std': np.float64(0.9778714092339539), 'pData_3_range': np.int64(7), 'pData_3_rate_std': np.float64(1.3498009791737577), 'pData_4_std': np.float64(1.7960429583178823), 'pData_4_range': np.int64(14), 'pData_4_rate_std': np.float64(2.496543686837406)}"
207,"{'tData_std': np.float64(0.0), 'tData_range': np.int64(0), 'tData_rate_std': np.float64(0.0), 'tData_2_std': np.float64(0.0), 'tData_2_range': np.int64(0), 'tData_2_rate_std': np.float64(0.0), 'tData_3_std': np.float64(0.12617544212909043), 'tData_3_range': np.int64(1), 'tData_3_rate_std': np.float64(0.16116459280507606), 'tData_4_std': np.float64(0.0), 'tData_4_range': np.int64(0), 'tData_4_rate_std': np.float64(0.0), 'pData_std': np.float64(0.3957177607775536), 'pData_range': np.int64(1), 'pData_rate_std': np.float64(0.22065989986682674), 'pData_2_std': np.float64(0.4327760676747985), 'pData_2_range': np.int64(1), 'pData_2_rate_std': np.float64(0.18895443477787185), 'pData_3_std': np.float64(1.5608913057072844), 'pData_3_range': np.int64(20), 'pData_3_rate_std': np.float64(2.223689431443414), 'pData_4_std': np.float64(1.8188099779472764), 'pData_4_range': np.int64(21), 'pData_4_rate_std': np.float64(2.5962010207724173)}"
208,"{'tData_std': np.float64(0.0), 'tData_range': np.int64(0), 'tData_rate_std': np.float64(0.0), 'tData_2_std': np.float64(0.0), 'tData_2_range': np.int64(0), 'tData_2_rate_std': np.float64(0.0), 'tData_3_std': np.float64(0.0), 'tData_3_range': np.int64(0), 'tData_3_rate_std': np.float64(0.0), 'tData_4_std': np.float64(0.0), 'tData_4_range': np.int64(0), 'tData_4_rate_std': np.float64(0.0), 'pData_std': np.float64(0.43677848628095367), 'pData_range': np.int64(1), 'pData_rate_std': np.float64(0.49236596391733095), 'pData_2_std': np.float64(0.28661064645983236), 'pData_2_range': np.int64(1), 'pData_2_rate_std': np.float64(0.3481553119113957), 'pData_3_std': np.float64(1.920072755139695), 'pData_3_range': np.int64(20), 'pData_3_rate_std': np.float64(2.6600296193383968), 'pData_4_std': np.float64(0.8519650590845971), 'pData_4_range': np.int64(7), 'pData_4_rate_std': np.float64(1.2185435916898848)}"
209,"{'tData_std': np.float64(0.0), 'tData_range': np.int64(0), 'tData_rate_std': np.float64(0.0), 'tData_2_std': np.float64(0.0), 'tData_2_range': np.int64(0), 'tData_2_rate_std': np.float64(0.0), 'tData_3_std': np.float64(0.0), 'tData_3_range': np.int64(0), 'tData_3_rate_std': np.float64(0.0), 'tData_4_std': np.float64(0.0), 'tData_4_range': np.int64(0), 'tData_4_rate_std': np.float64(0.0), 'pData_std': np.float64(0.21501675707892057), 'pData_range': np.int64(1), 'pData_rate_std': np.float64(0.2990499863048703), 'pData_2_std': np.float64(0.0896206799023623), 'pData_2_range': np.int64(1), 'pData_2_rate_std': np.float64(0.12751534261266767), 'pData_3_std': np.float64(0.7592105630963966), 'pData_3_range': np.int64(8), 'pData_3_rate_std': np.float64(1.0378917644452472), 'pData_4_std': np.float64(0.537724079414174), 'pData_4_range': np.int64(6), 'pData_4_rate_std': np.float64(0.7650920556760059)}"
210,"{'tData_std': np.float64(0.0), 'tData_range': np.int64(0), 'tData_rate_std': np.float64(0.0), 'tData_2_std': np.float64(0.0), 'tData_2_range': np.int64(0), 'tData_2_rate_std': np.float64(0.0), 'tData_3_std': np.float64(0.0), 'tData_3_range': np.int64(0), 'tData_3_rate_std': np.float64(0.0), 'tData_4_std': np.float64(0.0), 'tData_4_range': np.int64(0), 'tData_4_rate_std': np.float64(0.0), 'pData_std': np.float64(0.0), 'pData_range': np.int64(0), 'pData_rate_std': np.float64(0.0), 'pData_2_std': np.float64(0.06388765649999399), 'pData_2_range': np.int64(1), 'pData_2_rate_std': np.float64(0.09072184232530289), 'pData_3_std': np.float64(0.6654248498864742), 'pData_3_range': np.int64(8), 'pData_3_rate_std': np.float64(0.8289909122977153), 'pData_4_std': np.float64(0.850088063452225), 'pData_4_range': np.int64(6), 'pData_4_rate_std': np.float64(1.2171612389003692)}"
211,"{'tData_std': np.float64(0.0), 'tData_range': np.int64(0), 'tData_rate_std': np.float64(0.0), 'tData_2_std': np.float64(0.0), 'tData_2_range': np.int64(0), 'tData_2_rate_std': np.float64(0.0), 'tData_3_std': np.float64(0.0), 'tData_3_range': np.int64(0), 'tData_3_rate_std': np.float64(0.0), 'tData_4_std': np.float64(0.0), 'tData_4_range': np.int64(0), 'tData_4_rate_std': np.float64(0.0), 'pData_std': np.float64(0.0), 'pData_range': np.int64(0), 'pData_rate_std': np.float64(0.0), 'pData_2_std': np.float64(0.09284766908852593), 'pData_2_range': np.int64(1), 'pData_2_rate_std': np.float64(0.13245323570650439), 'pData_3_std': np.float64(0.5009735649149845), 'pData_3_range': np.int64(1), 'pData_3_rate_std': np.float64(0.44908585851066823), 'pData_4_std': np.float64(1.5286126624047593), 'pData_4_range': np.int64(13), 'pData_4_rate_std': np.float64(2.2044611865049966)}"
212,"{'tData_std': np.float64(0.0), 'tData_range': np.int64(0), 'tData_rate_std': np.float64(0.0), 'tData_2_std': np.float64(0.0), 'tData_2_range': np.int64(0), 'tData_2_rate_std': np.float64(0.0), 'tData_3_std': np.float64(0.0), 'tData_3_range': np.int64(0), 'tData_3_rate_std': np.float64(0.0), 'tData_4_std': np.float64(0.0), 'tData_4_range': np.int64(0), 'tData_4_rate_std': np.float64(0.0), 'pData_std': np.float64(0.0), 'pData_range': np.int64(0), 'pData_rate_std': np.float64(0.0), 'pData_2_std': np.float64(0.09999999999999998), 'pData_2_range': np.int64(1), 'pData_2_rate_std': np.float64(0.14285714285714285), 'pData_3_std': np.float64(0.49236596391733095), 'pData_3_range': np.int64(1), 'pData_3_rate_std': np.float64(0.47380354147934284), 'pData_4_std': np.float64(0.8442317648177382), 'pData_4_range': np.int64(6), 'pData_4_rate_std': np.float64(1.212183053462653)}"
213,"{'tData_std': np.float64(0.0), 'tData_range': np.int64(0), 'tData_rate_std': np.float64(0.0), 'tData_2_std': np.float64(0.0), 'tData_2_range': np.int64(0), 'tData_2_rate_std': np.float64(0.0), 'tData_3_std': np.float64(0.0), 'tData_3_range': np.int64(0), 'tData_3_rate_std': np.float64(0.0), 'tData_4_std': np.float64(0.0), 'tData_4_range': np.int64(0), 'tData_4_rate_std': np.float64(0.0), 'pData_std': np.float64(0.0), 'pData_range': np.int64(0), 'pData_rate_std': np.float64(0.0), 'pData_2_std': np.float64(0.0), 'pData_2_range': np.int64(0), 'pData_2_rate_std': np.float64(0.0), 'pData_3_std': np.float64(2.394636864805542), 'pData_3_range': np.int64(14), 'pData_3_rate_std': np.float64(3.4940425488727715), 'pData_4_std': np.float64(2.8284271247461903), 'pData_4_range': np.int64(20), 'pData_4_rate_std': np.float64(4.08248290463863)}"
214,"{'tData_std': np.float64(0.0), 'tData_range': np.int64(0), 'tData_rate_std': np.float64(0.0), 'tData_2_std': np.float64(0.0), 'tData_2_range': np.int64(0), 'tData_2_rate_std': np.float64(0.0), 'tData_3_std': np.float64(0.0), 'tData_3_range': np.int64(0), 'tData_3_rate_std': np.float64(0.0), 'tData_4_std': np.float64(0.0), 'tData_4_range': np.int64(0), 'tData_4_rate_std': np.float64(0.0), 'pData_std': np.float64(0.0), 'pData_range': np.int64(0), 'pData_rate_std': np.float64(0.0), 'pData_2_std': np.float64(0.0), 'pData_2_range': np.int64(0), 'pData_2_rate_std': np.float64(0.0), 'pData_3_std': np.float64(1.2091820425896227), 'pData_3_range': np.int64(7), 'pData_3_rate_std': np.float64(1.4427864197660112), 'pData_4_std': np.float64(0.6), 'pData_4_range': np.int64(6), 'pData_4_rate_std': np.float64(0.8571428571428572)}"
215,"{'tData_std': np.float64(0.0), 'tData_range': np.int64(0), 'tData_rate_std': np.float64(0.0), 'tData_2_std': np.float64(0.0), 'tData_2_range': np.int64(0), 'tData_2_rate_std': np.float64(0.0), 'tData_3_std': np.float64(0.0), 'tData_3_range': np.int64(0), 'tData_3_rate_std': np.float64(0.0), 'tData_4_std': np.float64(0.0), 'tData_4_range': np.int64(0), 'tData_4_rate_std': np.float64(0.0), 'pData_std': np.float64(0.2801264445740499), 'pData_range': np.int64(1), 'pData_rate_std': np.float64(0.34050261230349943), 'pData_2_std': np.float64(0.35033757793172343), 'pData_2_range': np.int64(1), 'pData_2_rate_std': np.float64(0.41702882811414954), 'pData_3_std': np.float64(0.8307471607356975), 'pData_3_range': np.int64(7), 'pData_3_rate_std': np.float64(1.191759143062248), 'pData_4_std': np.float64(0.7836354426914679), 'pData_4_range': np.int64(7), 'pData_4_rate_std': np.float64(1.1547005383792515)}"
216,"{'tData_std': np.float64(0.0), 'tData_range': np.int64(0), 'tData_rate_std': np.float64(0.0), 'tData_2_std': np.float64(0.0), 'tData_2_range': np.int64(0), 'tData_2_rate_std': np.float64(0.0), 'tData_3_std': np.float64(0.0), 'tData_3_range': np.int64(0), 'tData_3_rate_std': np.float64(0.0), 'tData_4_std': np.float64(0.0), 'tData_4_range': np.int64(0), 'tData_4_rate_std': np.float64(0.0), 'pData_std': np.float64(0.2206478908203439), 'pData_range': np.int64(1), 'pData_rate_std': np.float64(0.2279211529192759), 'pData_2_std': np.float64(0.33462909461667056), 'pData_2_range': np.int64(1), 'pData_2_rate_std': np.float64(0.3603749850782236), 'pData_3_std': np.float64(0.8064974701916378), 'pData_3_range': np.int64(7), 'pData_3_rate_std': np.float64(1.162174406295953), 'pData_4_std': np.float64(0.6750527405556146), 'pData_4_range': np.int64(6), 'pData_4_rate_std': np.float64(0.9669875568304563)}"
217,"{'tData_std': np.float64(0.0), 'tData_range': np.int64(0), 'tData_rate_std': np.float64(0.0), 'tData_2_std': np.float64(0.0), 'tData_2_range': np.int64(0), 'tData_2_rate_std': np.float64(0.0), 'tData_3_std': np.float64(0.0), 'tData_3_range': np.int64(0), 'tData_3_rate_std': np.float64(0.0), 'tData_4_std': np.float64(0.0), 'tData_4_range': np.int64(0), 'tData_4_rate_std': np.float64(0.0), 'pData_std': np.float64(0.14187529518897737), 'pData_range': np.int64(1), 'pData_rate_std': np.float64(0.2034190510862431), 'pData_2_std': np.float64(0.19854094572374476), 'pData_2_range': np.int64(1), 'pData_2_rate_std': np.float64(0.23488808780588138), 'pData_3_std': np.float64(1.466267174776113), 'pData_3_range': np.int64(14), 'pData_3_rate_std': np.float64(1.9182636614210231), 'pData_4_std': np.float64(0.7578373164420934), 'pData_4_range': np.int64(7), 'pData_4_rate_std': np.float64(1.0827805840074194)}"
218,"{'tData_std': np.float64(0.0), 'tData_range': np.int64(0), 'tData_rate_std': np.float64(0.0), 'tData_2_std': np.float64(0.0), 'tData_2_range': np.int64(0), 'tData_2_rate_std': np.float64(0.0), 'tData_3_std': np.float64(0.0), 'tData_3_range': np.int64(0), 'tData_3_rate_std': np.float64(0.0), 'tData_4_std': np.float64(0.0), 'tData_4_range': np.int64(0), 'tData_4_rate_std': np.float64(0.0), 'pData_std': np.float64(0.22457757073384294), 'pData_range': np.int64(1), 'pData_rate_std': np.float64(0.2672612419124244), 'pData_2_std': np.float64(0.24673291616210413), 'pData_2_range': np.int64(1), 'pData_2_rate_std': np.float64(0.3450327796711771), 'pData_3_std': np.float64(0.9267648801373727), 'pData_3_range': np.int64(7), 'pData_3_rate_std': np.float64(1.3273676061682242), 'pData_4_std': np.float64(1.2067220934951604), 'pData_4_range': np.int64(14), 'pData_4_rate_std': np.float64(1.7043362064926932)}"
219,"{'tData_std': np.float64(0.0), 'tData_range': np.int64(0), 'tData_rate_std': np.float64(0.0), 'tData_2_std': np.float64(0.0), 'tData_2_range': np.int64(0), 'tData_2_rate_std': np.float64(0.0), 'tData_3_std': np.float64(0.0), 'tData_3_range': np.int64(0), 'tData_3_rate_std': np.float64(0.0), 'tData_4_std': np.float64(0.0), 'tData_4_range': np.int64(0), 'tData_4_rate_std': np.float64(0.0), 'pData_std': np.float64(0.49538096335101), 'pData_range': np.int64(1), 'pData_rate_std': np.float64(0.6087534871200395), 'pData_2_std': np.float64(0.4722165877509244), 'pData_2_range': np.int64(1), 'pData_2_rate_std': np.float64(0.5419467627971346), 'pData_3_std': np.float64(2.212555603561315), 'pData_3_range': np.int64(26), 'pData_3_rate_std': np.float64(3.155636537695994), 'pData_4_std': np.float64(2.2346110601261944), 'pData_4_range': np.int64(26), 'pData_4_rate_std': np.float64(3.107243648712326)}"
220,"{'tData_std': np.float64(0.0), 'tData_range': np.int64(0), 'tData_rate_std': np.float64(0.0), 'tData_2_std': np.float64(0.0), 'tData_2_range': np.int64(0), 'tData_2_rate_std': np.float64(0.0), 'tData_3_std': np.float64(0.0), 'tData_3_range': np.int64(0), 'tData_3_rate_std': np.float64(0.0), 'tData_4_std': np.float64(0.0), 'tData_4_range': np.int64(0), 'tData_4_rate_std': np.float64(0.0), 'pData_std': np.float64(0.0), 'pData_range': np.int64(0), 'pData_rate_std': np.float64(0.0), 'pData_2_std': np.float64(0.15857095486056988), 'pData_2_range': np.int64(1), 'pData_2_rate_std': np.float64(0.2279211529192759), 'pData_3_std': np.float64(0.703383057368378), 'pData_3_range': np.int64(7), 'pData_3_rate_std': np.float64(0.993485272670404), 'pData_4_std': np.float64(1.5826290279779751), 'pData_4_range': np.int64(14), 'pData_4_rate_std': np.float64(2.2620528545732785)}"
221,"{'tData_std': np.float64(0.0), 'tData_range': np.int64(0), 'tData_rate_std': np.float64(0.0), 'tData_2_std': np.float64(0.0), 'tData_2_range': np.int64(0), 'tData_2_rate_std': np.float64(0.0), 'tData_3_std': np.float64(0.0), 'tData_3_range': np.int64(0), 'tData_3_rate_std': np.float64(0.0), 'tData_4_std': np.float64(0.0), 'tData_4_range': np.int64(0), 'tData_4_rate_std': np.float64(0.0), 'pData_std': np.float64(0.29285792761297375), 'pData_range': np.int64(1), 'pData_rate_std': np.float64(0.4054424270396916), 'pData_2_std': np.float64(0.3810842757517361), 'pData_2_range': np.int64(1), 'pData_2_rate_std': np.float64(0.4681645887845222), 'pData_3_std': np.float64(0.1621921894121486), 'pData_3_range': np.int64(1), 'pData_3_rate_std': np.float64(0.2340822943922611), 'pData_4_std': np.float64(0.2262104576963036), 'pData_4_range': np.int64(1), 'pData_4_rate_std': np.float64(0.28669108954049793)}"
222,"{'tData_std': np.float64(0.0), 'tData_range': np.int64(0), 'tData_rate_std': np.float64(0.0), 'tData_2_std': np.float64(0.0), 'tData_2_range': np.int64(0), 'tData_2_rate_std': np.float64(0.0), 'tData_3_std': np.float64(0.0), 'tData_3_range': np.int64(0), 'tData_3_rate_std': np.float64(0.0), 'tData_4_std': np.float64(0.0), 'tData_4_range': np.int64(0), 'tData_4_rate_std': np.float64(0.0), 'pData_std': np.float64(0.1972787847664287), 'pData_range': np.int64(1), 'pData_rate_std': np.float64(0.28669108954049793), 'pData_2_std': np.float64(0.25112360116696136), 'pData_2_range': np.int64(1), 'pData_2_rate_std': np.float64(0.28669108954049793), 'pData_3_std': np.float64(0.0), 'pData_3_range': np.int64(0), 'pData_3_rate_std': np.float64(0.0), 'pData_4_std': np.float64(1.1424645400296787), 'pData_4_range': np.int64(7), 'pData_4_rate_std': np.float64(1.4350687914294435)}"
223,"{'tData_std': np.float64(0.0), 'tData_range': np.int64(0), 'tData_rate_std': np.float64(0.0), 'tData_2_std': np.float64(0.0), 'tData_2_range': np.int64(0), 'tData_2_rate_std': np.float64(0.0), 'tData_3_std': np.float64(0.0), 'tData_3_range': np.int64(0), 'tData_3_rate_std': np.float64(0.0), 'tData_4_std': np.float64(0.0), 'tData_4_range': np.int64(0), 'tData_4_rate_std': np.float64(0.0), 'pData_std': np.float64(0.0), 'pData_range': np.int64(0), 'pData_rate_std': np.float64(0.0), 'pData_2_std': np.float64(0.14988675627759449), 'pData_2_range': np.int64(1), 'pData_2_rate_std': np.float64(0.21566554640687682), 'pData_3_std': np.float64(0.6948083337796512), 'pData_3_range': np.int64(7), 'pData_3_rate_std': np.float64(0.9523532664857335), 'pData_4_std': np.float64(1.773925860107402), 'pData_4_range': np.int64(14), 'pData_4_rate_std': np.float64(2.5699515876355914)}"
224,"{'tData_std': np.float64(0.0), 'tData_range': np.int64(0), 'tData_rate_std': np.float64(0.0), 'tData_2_std': np.float64(0.0), 'tData_2_range': np.int64(0), 'tData_2_rate_std': np.float64(0.0), 'tData_3_std': np.float64(0.0), 'tData_3_range': np.int64(0), 'tData_3_rate_std': np.float64(0.0), 'tData_4_std': np.float64(0.0), 'tData_4_range': np.int64(0), 'tData_4_rate_std': np.float64(0.0), 'pData_std': np.float64(0.12909944487358055), 'pData_range': np.int64(1), 'pData_rate_std': np.float64(0.18569533817705186), 'pData_2_std': np.float64(0.0), 'pData_2_range': np.int64(0), 'pData_2_rate_std': np.float64(0.0), 'pData_3_std': np.float64(0.9107022186606589), 'pData_3_range': np.int64(7), 'pData_3_rate_std': np.float64(1.2246255645020758), 'pData_4_std': np.float64(1.2363377667313766), 'pData_4_range': np.int64(7), 'pData_4_rate_std': np.float64(1.8099342720014773)}"
225,"{'tData_std': np.float64(0.0), 'tData_range': np.int64(0), 'tData_rate_std': np.float64(0.0), 'tData_2_std': np.float64(0.0), 'tData_2_range': np.int64(0), 'tData_2_rate_std': np.float64(0.0), 'tData_3_std': np.float64(0.0), 'tData_3_range': np.int64(0), 'tData_3_rate_std': np.float64(0.0), 'tData_4_std': np.float64(0.0), 'tData_4_range': np.int64(0), 'tData_4_rate_std': np.float64(0.0), 'pData_std': np.float64(0.3178208630818642), 'pData_range': np.int64(1), 'pData_rate_std': np.float64(0.3735436838188142), 'pData_2_std': np.float64(0.25226248955475644), 'pData_2_range': np.int64(1), 'pData_2_rate_std': np.float64(0.3735436838188142), 'pData_3_std': np.float64(0.4472135954999579), 'pData_3_range': np.int64(1), 'pData_3_rate_std': np.float64(0.5493605739121922), 'pData_4_std': np.float64(0.0), 'pData_4_range': np.int64(0), 'pData_4_rate_std': np.float64(0.0)}"
226,"{'tData_std': np.float64(0.6619054031899554), 'tData_range': np.int64(4), 'tData_rate_std': np.float64(0.16873360610351054), 'tData_2_std': np.float64(0.6207209728368108), 'tData_2_range': np.int64(4), 'tData_2_rate_std': np.float64(0.16873360610351057), 'tData_3_std': np.float64(0.5794940417672844), 'tData_3_range': np.int64(4), 'tData_3_rate_std': np.float64(0.16873360610351054), 'tData_4_std': np.float64(0.8609965163060795), 'tData_4_range': np.int64(5), 'tData_4_rate_std': np.float64(0.2028034952282527), 'pData_std': np.float64(18.900367862110407), 'pData_range': np.int64(243), 'pData_rate_std': np.float64(12.783494104468753), 'pData_2_std': np.float64(19.183036504949502), 'pData_2_range': np.int64(225), 'pData_2_rate_std': np.float64(13.516984159178913), 'pData_3_std': np.float64(16.73710093728463), 'pData_3_range': np.int64(212), 'pData_3_rate_std': np.float64(12.080426683721047), 'pData_4_std': np.float64(12.594567777881705), 'pData_4_range': np.int64(169), 'pData_4_rate_std': np.float64(10.954740029499744)}"
227,"{'tData_std': np.float64(7.440874139234548), 'tData_range': np.int64(22), 'tData_rate_std': np.float64(0.7957247849092906), 'tData_2_std': np.float64(7.719479331118511), 'tData_2_range': np.int64(20), 'tData_2_rate_std': np.float64(0.7922957663119404), 'tData_3_std': np.float64(7.9544886776128525), 'tData_3_range': np.int64(21), 'tData_3_rate_std': np.float64(0.7154190201500438), 'tData_4_std': np.float64(7.471759745148417), 'tData_4_range': np.int64(19), 'tData_4_rate_std': np.float64(0.6788901629314796), 'pData_std': np.float64(946.2192328848506), 'pData_range': np.int64(9844), 'pData_rate_std': np.float64(264.00311603125516), 'pData_2_std': np.float64(582.2707359006216), 'pData_2_range': np.int64(9856), 'pData_2_rate_std': np.float64(255.6373476615384), 'pData_3_std': np.float64(549.1644514056657), 'pData_3_range': np.int64(9863), 'pData_3_rate_std': np.float64(266.1788176613729), 'pData_4_std': np.float64(802.8471027094232), 'pData_4_range': np.int64(9871), 'pData_4_rate_std': np.float64(350.8370781243877)}"
228,"{'tData_std': np.float64(0.0), 'tData_range': np.int64(0), 'tData_rate_std': np.float64(0.0), 'tData_2_std': np.float64(0.0), 'tData_2_range': np.int64(0), 'tData_2_rate_std': np.float64(0.0), 'tData_3_std': np.float64(0.0), 'tData_3_range': np.int64(0), 'tData_3_rate_std': np.float64(0.0), 'tData_4_std': np.float64(0.0), 'tData_4_range': np.int64(0), 'tData_4_rate_std': np.float64(0.0), 'pData_std': np.float64(0.36718881442779816), 'pData_range': np.int64(1), 'pData_rate_std': np.float64(0.3359679676744761), 'pData_2_std': np.float64(0.6242300981071521), 'pData_2_range': np.int64(3), 'pData_2_rate_std': np.float64(0.4147806778921701), 'pData_3_std': np.float64(1.1204102592069434), 'pData_3_range': np.int64(14), 'pData_3_rate_std': np.float64(1.4479845273813707), 'pData_4_std': np.float64(1.2106944659982808), 'pData_4_range': np.int64(15), 'pData_4_rate_std': np.float64(1.6752124076936301)}"
229,"{'tData_std': np.float64(0.0), 'tData_range': np.int64(0), 'tData_rate_std': np.float64(0.0), 'tData_2_std': np.float64(0.0), 'tData_2_range': np.int64(0), 'tData_2_rate_std': np.float64(0.0), 'tData_3_std': np.float64(0.0), 'tData_3_range': np.int64(0), 'tData_3_rate_std': np.float64(0.0), 'tData_4_std': np.float64(0.0), 'tData_4_range': np.int64(0), 'tData_4_rate_std': np.float64(0.0), 'pData_std': np.float64(0.2903638563198453), 'pData_range': np.int64(2), 'pData_rate_std': np.float64(0.27841071421263197), 'pData_2_std': np.float64(0.45609812119881543), 'pData_2_range': np.int64(2), 'pData_2_rate_std': np.float64(0.4731207103919964), 'pData_3_std': np.float64(0.928253388455855), 'pData_3_range': np.int64(7), 'pData_3_rate_std': np.float64(0.9693201180753596), 'pData_4_std': np.float64(1.151717095093336), 'pData_4_range': np.int64(7), 'pData_4_rate_std': np.float64(1.6108239832764883)}"
230,"{'tData_std': np.float64(0.0), 'tData_range': np.int64(0), 'tData_rate_std': np.float64(0.0), 'tData_2_std': np.float64(0.0), 'tData_2_range': np.int64(0), 'tData_2_rate_std': np.float64(0.0), 'tData_3_std': np.float64(0.0), 'tData_3_range': np.int64(0), 'tData_3_rate_std': np.float64(0.0), 'tData_4_std': np.float64(0.0), 'tData_4_range': np.int64(0), 'tData_4_rate_std': np.float64(0.0), 'pData_std': np.float64(0.4950737714883371), 'pData_range': np.int64(1), 'pData_rate_std': np.float64(0.4783014026576547), 'pData_2_std': np.float64(0.683539970123403), 'pData_2_range': np.int64(3), 'pData_2_rate_std': np.float64(0.7757808421770461), 'pData_3_std': np.float64(1.3987789793434915), 'pData_3_range': np.int64(8), 'pData_3_rate_std': np.float64(1.7145725520212256), 'pData_4_std': np.float64(1.0842648440767784), 'pData_4_range': np.int64(7), 'pData_4_rate_std': np.float64(1.3487526376498447)}"
231,"{'tData_std': np.float64(0.0), 'tData_range': np.int64(0), 'tData_rate_std': np.float64(0.0), 'tData_2_std': np.float64(0.0), 'tData_2_range': np.int64(0), 'tData_2_rate_std': np.float64(0.0), 'tData_3_std': np.float64(0.0), 'tData_3_range': np.int64(0), 'tData_3_rate_std': np.float64(0.0), 'tData_4_std': np.float64(0.0), 'tData_4_range': np.int64(0), 'tData_4_rate_std': np.float64(0.0), 'pData_std': np.float64(0.4662065469866188), 'pData_range': np.int64(1), 'pData_rate_std': np.float64(0.48748156685368577), 'pData_2_std': np.float64(1.8583456965902942), 'pData_2_range': np.int64(6), 'pData_2_rate_std': np.float64(0.33717630134702126), 'pData_3_std': np.float64(1.458581054978357), 'pData_3_range': np.int64(13), 'pData_3_rate_std': np.float64(2.062530416901791), 'pData_4_std': np.float64(1.2839667749810268), 'pData_4_range': np.int64(13), 'pData_4_rate_std': np.float64(1.8376749387004954)}"
232,"{'tData_std': np.float64(0.0), 'tData_range': np.int64(0), 'tData_rate_std': np.float64(0.0), 'tData_2_std': np.float64(0.0), 'tData_2_range': np.int64(0), 'tData_2_rate_std': np.float64(0.0), 'tData_3_std': np.float64(0.0), 'tData_3_range': np.int64(0), 'tData_3_rate_std': np.float64(0.0), 'tData_4_std': np.float64(0.0), 'tData_4_range': np.int64(0), 'tData_4_rate_std': np.float64(0.0), 'pData_std': np.float64(0.32810204388168374), 'pData_range': np.int64(1), 'pData_rate_std': np.float64(0.3511904466046061), 'pData_2_std': np.float64(2.083244828558436), 'pData_2_range': np.int64(5), 'pData_2_rate_std': np.float64(0.5021945972327223), 'pData_3_std': np.float64(1.0540990924048685), 'pData_3_range': np.int64(8), 'pData_3_rate_std': np.float64(1.4142135623730951), 'pData_4_std': np.float64(1.2431948756165725), 'pData_4_range': np.int64(15), 'pData_4_rate_std': np.float64(1.7544007746014243)}"
233,"{'tData_std': np.float64(0.0), 'tData_range': np.int64(0), 'tData_rate_std': np.float64(0.0), 'tData_2_std': np.float64(0.0), 'tData_2_range': np.int64(0), 'tData_2_rate_std': np.float64(0.0), 'tData_3_std': np.float64(0.0), 'tData_3_range': np.int64(0), 'tData_3_rate_std': np.float64(0.0), 'tData_4_std': np.float64(0.0), 'tData_4_range': np.int64(0), 'tData_4_rate_std': np.float64(0.0), 'pData_std': np.float64(0.0683585927024663), 'pData_range': np.int64(1), 'pData_rate_std': np.float64(0.0685188709827532), 'pData_2_std': np.float64(0.5166908338190467), 'pData_2_range': np.int64(2), 'pData_2_rate_std': np.float64(0.41197419694614346), 'pData_3_std': np.float64(1.0068869078642249), 'pData_3_range': np.int64(13), 'pData_3_rate_std': np.float64(1.4125370343522328), 'pData_4_std': np.float64(1.4501879401122955), 'pData_4_range': np.int64(20), 'pData_4_rate_std': np.float64(2.0989665022001875)}"
234,"{'tData_std': np.float64(0.0), 'tData_range': np.int64(0), 'tData_rate_std': np.float64(0.0), 'tData_2_std': np.float64(0.0), 'tData_2_range': np.int64(0), 'tData_2_rate_std': np.float64(0.0), 'tData_3_std': np.float64(0.0), 'tData_3_range': np.int64(0), 'tData_3_rate_std': np.float64(0.0), 'tData_4_std': np.float64(0.0), 'tData_4_range': np.int64(0), 'tData_4_rate_std': np.float64(0.0), 'pData_std': np.float64(0.11178916275105388), 'pData_range': np.int64(2), 'pData_rate_std': np.float64(0.1268738917624028), 'pData_2_std': np.float64(0.22315080584488897), 'pData_2_range': np.int64(3), 'pData_2_rate_std': np.float64(0.22380671446201664), 'pData_3_std': np.float64(1.5008740344641682), 'pData_3_range': np.int64(26), 'pData_3_rate_std': np.float64(2.023563433673298), 'pData_4_std': np.float64(1.310094789518998), 'pData_4_range': np.int64(14), 'pData_4_rate_std': np.float64(1.8162455131022466)}"
237,"{'tData_std': np.float64(0.0), 'tData_range': np.int64(0), 'tData_rate_std': np.float64(0.0), 'tData_2_std': np.float64(0.0), 'tData_2_range': np.int64(0), 'tData_2_rate_std': np.float64(0.0), 'tData_3_std': np.float64(0.0), 'tData_3_range': np.int64(0), 'tData_3_rate_std': np.float64(0.0), 'tData_4_std': np.float64(0.0), 'tData_4_range': np.int64(0), 'tData_4_rate_std': np.float64(0.0), 'pData_std': np.float64(17.667160516609343), 'pData_range': np.int64(76), 'pData_rate_std': np.float64(16.793377976442056), 'pData_2_std': np.float64(0.0), 'pData_2_range': np.int64(0), 'pData_2_rate_std': np.float64(0.0), 'pData_3_std': np.float64(0.0), 'pData_3_range': np.int64(0), 'pData_3_rate_std': np.float64(0.0), 'pData_4_std': np.float64(0.0), 'pData_4_range': np.int64(0), 'pData_4_rate_std': np.float64(0.0)}"
238,"{'tData_std': np.float64(0.0), 'tData_range': np.int64(0), 'tData_rate_std': np.float64(0.0), 'tData_2_std': np.float64(0.0), 'tData_2_range': np.int64(0), 'tData_2_rate_std': np.float64(0.0), 'tData_3_std': np.float64(0.0), 'tData_3_range': np.int64(0), 'tData_3_rate_std': np.float64(0.0), 'tData_4_std': np.float64(0.0), 'tData_4_range': np.int64(0), 'tData_4_rate_std': np.float64(0.0), 'pData_std': np.float64(0.0), 'pData_range': np.int64(0), 'pData_rate_std': np.float64(0.0), 'pData_2_std': np.float64(0.0), 'pData_2_range': np.int64(0), 'pData_2_rate_std': np.float64(0.0), 'pData_3_std': np.float64(0.0), 'pData_3_range': np.int64(0), 'pData_3_rate_std': np.float64(0.0), 'pData_4_std': np.float64(0.0), 'pData_4_range': np.int64(0), 'pData_4_rate_std': np.float64(0.0)}"
239,"{'tData_std': np.float64(0.0), 'tData_range': np.int64(0), 'tData_rate_std': np.float64(0.0), 'tData_2_std': np.float64(0.0), 'tData_2_range': np.int64(0), 'tData_2_rate_std': np.float64(0.0), 'tData_3_std': np.float64(0.0), 'tData_3_range': np.int64(0), 'tData_3_rate_std': np.float64(0.0), 'tData_4_std': np.float64(0.0), 'tData_4_range': np.int64(0), 'tData_4_rate_std': np.float64(0.0), 'pData_std': np.float64(14.04996066543033), 'pData_range': np.int64(77), 'pData_rate_std': np.float64(11.574747941789765), 'pData_2_std': np.float64(0.0), 'pData_2_range': np.int64(0), 'pData_2_rate_std': np.float64(0.0), 'pData_3_std': np.float64(0.0), 'pData_3_range': np.int64(0), 'pData_3_rate_std': np.float64(0.0), 'pData_4_std': np.float64(0.0), 'pData_4_range': np.int64(0), 'pData_4_rate_std': np.float64(0.0)}"
240,"{'tData_std': np.float64(5.75136069254922), 'tData_range': np.int64(15), 'tData_rate_std': np.float64(0.8200084103858011), 'tData_2_std': np.float64(6.089751024459862), 'tData_2_range': np.int64(16), 'tData_2_rate_std': np.float64(0.8441822541139559), 'tData_3_std': np.float64(5.987641796026848), 'tData_3_range': np.int64(16), 'tData_3_rate_std': np.float64(0.854333106856608), 'tData_4_std': np.float64(5.776783888262616), 'tData_4_range': np.int64(16), 'tData_4_rate_std': np.float64(0.8235052638205963), 'pData_std': np.float64(17.633469506244964), 'pData_range': np.int64(201), 'pData_rate_std': np.float64(10.107746283290787), 'pData_2_std': np.float64(13.860630186872495), 'pData_2_range': np.int64(140), 'pData_2_rate_std': np.float64(7.934719283940833), 'pData_3_std': np.float64(12.042747234317096), 'pData_3_range': np.int64(147), 'pData_3_rate_std': np.float64(7.369942945450868), 'pData_4_std': np.float64(10.867047155339925), 'pData_4_range': np.int64(155), 'pData_4_rate_std': np.float64(8.149465817061158)}"
241,"{'tData_std': np.float64(6.247270755715912), 'tData_range': np.int64(14), 'tData_rate_std': np.float64(1.3037149587217667), 'tData_2_std': np.float64(6.62516909765572), 'tData_2_range': np.int64(15), 'tData_2_rate_std': np.float64(1.339338843515987), 'tData_3_std': np.float64(6.6781881318132275), 'tData_3_range': np.int64(15), 'tData_3_rate_std': np.float64(1.3716744786621495), 'tData_4_std': np.float64(6.247270755715912), 'tData_4_range': np.int64(14), 'tData_4_rate_std': np.float64(1.3037149587217667), 'pData_std': np.float64(2.568858879908385), 'pData_range': np.int64(38), 'pData_rate_std': np.float64(1.5284097388980922), 'pData_2_std': np.float64(3.0192951065299414), 'pData_2_range': np.int64(50), 'pData_2_rate_std': np.float64(1.7334553639450032), 'pData_3_std': np.float64(3.280405165199425), 'pData_3_range': np.int64(60), 'pData_3_rate_std': np.float64(3.0900955930811578), 'pData_4_std': np.float64(4.1216637308397), 'pData_4_range': np.int64(37), 'pData_4_rate_std': np.float64(2.460400129550273)}"
242,"{'tData_std': np.float64(10.869716803970896), 'tData_range': np.int64(22), 'tData_rate_std': np.float64(2.2696298183173225), 'tData_2_std': np.float64(10.925327814840733), 'tData_2_range': np.int64(22), 'tData_2_rate_std': np.float64(2.3037615052714835), 'tData_3_std': np.float64(10.934538794236031), 'tData_3_range': np.int64(22), 'tData_3_rate_std': np.float64(2.326936644247424), 'tData_4_std': np.float64(10.860390387015517), 'tData_4_range': np.int64(22), 'tData_4_rate_std': np.float64(2.2696298183173225), 'pData_std': np.float64(10.881028990647645), 'pData_range': np.int64(59), 'pData_rate_std': np.float64(5.213490942245709), 'pData_2_std': np.float64(0.0), 'pData_2_range': np.int64(0), 'pData_2_rate_std': np.float64(0.0), 'pData_3_std': np.float64(0.0), 'pData_3_range': np.int64(0), 'pData_3_rate_std': np.float64(0.0), 'pData_4_std': np.float64(7.233896104403458), 'pData_4_range': np.int64(88), 'pData_4_rate_std': np.float64(7.620255421108063)}"
243,"{'tData_std': np.float64(4.656302622721747), 'tData_range': np.int64(20), 'tData_rate_std': np.float64(1.4695794859571967), 'tData_2_std': np.float64(4.735132351069804), 'tData_2_range': np.int64(20), 'tData_2_rate_std': np.float64(1.5174060130378293), 'tData_3_std': np.float64(4.735132351069804), 'tData_3_range': np.int64(20), 'tData_3_rate_std': np.float64(1.5174060130378293), 'tData_4_std': np.float64(4.735132351069804), 'tData_4_range': np.int64(20), 'tData_4_rate_std': np.float64(1.5174060130378293), 'pData_std': np.float64(0.0), 'pData_range': np.int64(0), 'pData_rate_std': np.float64(0.0), 'pData_2_std': np.float64(0.0), 'pData_2_range': np.int64(0), 'pData_2_rate_std': np.float64(0.0), 'pData_3_std': np.float64(0.0), 'pData_3_range': np.int64(0), 'pData_3_rate_std': np.float64(0.0), 'pData_4_std': np.float64(0.0), 'pData_4_range': np.int64(0), 'pData_4_rate_std': np.float64(0.0)}"
244,"{'tData_std': np.float64(8.23614182401887), 'tData_range': np.int64(20), 'tData_rate_std': np.float64(2.370445751838521), 'tData_2_std': np.float64(8.338907988642566), 'tData_2_range': np.int64(20), 'tData_2_rate_std': np.float64(2.370445751838521), 'tData_3_std': np.float64(8.338907988642566), 'tData_3_range': np.int64(20), 'tData_3_rate_std': np.float64(2.370445751838521), 'tData_4_std': np.float64(8.27058134131274), 'tData_4_range': np.int64(20), 'tData_4_rate_std': np.float64(2.370445751838521), 'pData_std': np.float64(0.0), 'pData_range': np.int64(0), 'pData_rate_std': np.float64(0.0), 'pData_2_std': np.float64(0.0), 'pData_2_range': np.int64(0), 'pData_2_rate_std': np.float64(0.0), 'pData_3_std': np.float64(0.0), 'pData_3_range': np.int64(0), 'pData_3_rate_std': np.float64(0.0), 'pData_4_std': np.float64(0.0), 'pData_4_range': np.int64(0), 'pData_4_rate_std': np.float64(0.0)}"
245,"{'tData_std': np.float64(1.03436635283436), 'tData_range': np.int64(5), 'tData_rate_std': np.float64(0.17477344939781025), 'tData_2_std': np.float64(1.1718750429454086), 'tData_2_range': np.int64(5), 'tData_2_rate_std': np.float64(0.18606202828629426), 'tData_3_std': np.float64(1.641167761051434), 'tData_3_range': np.int64(9), 'tData_3_rate_std': np.float64(0.23449024957983616), 'tData_4_std': np.float64(1.0892190746504264), 'tData_4_range': np.int64(6), 'tData_4_rate_std': np.float64(0.22563766838099755), 'pData_std': np.float64(11.041413864730284), 'pData_range': np.int64(150), 'pData_rate_std': np.float64(6.292594166494095), 'pData_2_std': np.float64(9.422472841166512), 'pData_2_range': np.int64(173), 'pData_2_rate_std': np.float64(9.771107498719246), 'pData_3_std': np.float64(7.622018746711866), 'pData_3_range': np.int64(150), 'pData_3_rate_std': np.float64(7.012064087688977), 'pData_4_std': np.float64(2.6121886248440607), 'pData_4_range': np.int64(58), 'pData_4_rate_std': np.float64(3.701708748381096)}"
246,"{'tData_std': np.float64(9.033103125036284), 'tData_range': np.int64(20), 'tData_rate_std': np.float64(1.2071475976539556), 'tData_2_std': np.float64(7.122431864904861), 'tData_2_range': np.int64(19), 'tData_2_rate_std': np.float64(1.2570113256388524), 'tData_3_std': np.float64(7.504683591106873), 'tData_3_range': np.int64(20), 'tData_3_rate_std': np.float64(1.240161979928009), 'tData_4_std': np.float64(6.363748799226107), 'tData_4_range': np.int64(17), 'tData_4_rate_std': np.float64(1.018619310930194), 'pData_std': np.float64(1.9603841240160431), 'pData_range': np.int64(7), 'pData_rate_std': np.float64(0.3927419900371099), 'pData_2_std': np.float64(0.0), 'pData_2_range': np.int64(0), 'pData_2_rate_std': np.float64(0.0), 'pData_3_std': np.float64(3.773371211152412), 'pData_3_range': np.int64(59), 'pData_3_rate_std': np.float64(5.351331249610466), 'pData_4_std': np.float64(0.0), 'pData_4_range': np.int64(0), 'pData_4_rate_std': np.float64(0.0)}"
247,"{'tData_std': np.float64(6.9547715726304284), 'tData_range': np.int64(19), 'tData_rate_std': np.float64(1.3764729060789451), 'tData_2_std': np.float64(0.0), 'tData_2_range': np.int64(0), 'tData_2_rate_std': np.float64(0.0), 'tData_3_std': np.float64(0.0), 'tData_3_range': np.int64(0), 'tData_3_rate_std': np.float64(0.0), 'tData_4_std': np.float64(6.509033827498623), 'tData_4_range': np.int64(17), 'tData_4_rate_std': np.float64(1.0458743105475283), 'pData_std': np.float64(1.6042237206660237), 'pData_range': np.int64(4), 'pData_rate_std': np.float64(0.29284316867442944), 'pData_2_std': np.float64(0.0), 'pData_2_range': np.int64(0), 'pData_2_rate_std': np.float64(0.0), 'pData_3_std': np.float64(4.714951667914445), 'pData_3_range': np.int64(51), 'pData_3_rate_std': np.float64(6.725680828637027), 'pData_4_std': np.float64(0.0), 'pData_4_range': np.int64(0), 'pData_4_rate_std': np.float64(0.0)}"
248,"{'tData_std': np.float64(0.0), 'tData_range': np.int64(0), 'tData_rate_std': np.float64(0.0), 'tData_2_std': np.float64(0.0), 'tData_2_range': np.int64(0), 'tData_2_rate_std': np.float64(0.0), 'tData_3_std': np.float64(9.208876880529921), 'tData_3_range': np.int64(20), 'tData_3_rate_std': np.float64(1.2678582757803052), 'tData_4_std': np.float64(6.9965225243422395), 'tData_4_range': np.int64(15), 'tData_4_rate_std': np.float64(1.2411527315202202), 'pData_std': np.float64(1.2066110558926084), 'pData_range': np.int64(4), 'pData_rate_std': np.float64(0.37923923033145424), 'pData_2_std': np.float64(0.0), 'pData_2_range': np.int64(0), 'pData_2_rate_std': np.float64(0.0), 'pData_3_std': np.float64(0.0), 'pData_3_range': np.int64(0), 'pData_3_rate_std': np.float64(0.0), 'pData_4_std': np.float64(0.0), 'pData_4_range': np.int64(0), 'pData_4_rate_std': np.float64(0.0)}"
249,"{'tData_std': np.float64(0.0), 'tData_range': np.int64(0), 'tData_rate_std': np.float64(0.0), 'tData_2_std': np.float64(0.0), 'tData_2_range': np.int64(0), 'tData_2_rate_std': np.float64(0.0), 'tData_3_std': np.float64(6.333201333013739), 'tData_3_range': np.int64(20), 'tData_3_rate_std': np.float64(1.783836547762057), 'tData_4_std': np.float64(5.751060093796829), 'tData_4_range': np.int64(16), 'tData_4_rate_std': np.float64(1.1494731468834591), 'pData_std': np.float64(1.1184927321141007), 'pData_range': np.int64(3), 'pData_rate_std': np.float64(0.24137793047859385), 'pData_2_std': np.float64(0.0), 'pData_2_range': np.int64(0), 'pData_2_rate_std': np.float64(0.0), 'pData_3_std': np.float64(0.0), 'pData_3_range': np.int64(0), 'pData_3_rate_std': np.float64(0.0), 'pData_4_std': np.float64(0.0), 'pData_4_range': np.int64(0), 'pData_4_rate_std': np.float64(0.0)}"
250,"{'tData_std': np.float64(0.0), 'tData_range': np.int64(0), 'tData_rate_std': np.float64(0.0), 'tData_2_std': np.float64(0.0), 'tData_2_range': np.int64(0), 'tData_2_rate_std': np.float64(0.0), 'tData_3_std': np.float64(7.856272771531141), 'tData_3_range': np.int64(20), 'tData_3_rate_std': np.float64(2.0425579577462885), 'tData_4_std': np.float64(7.016568379565212), 'tData_4_range': np.int64(17), 'tData_4_rate_std': np.float64(1.5298656775336332), 'pData_std': np.float64(1.5912029386816569), 'pData_range': np.int64(4), 'pData_rate_std': np.float64(0.4275311662387653), 'pData_2_std': np.float64(0.0), 'pData_2_range': np.int64(0), 'pData_2_rate_std': np.float64(0.0), 'pData_3_std': np.float64(4.758285525143487), 'pData_3_range': np.int64(57), 'pData_3_rate_std': np.float64(5.872846207814841), 'pData_4_std': np.float64(0.0), 'pData_4_range': np.int64(0), 'pData_4_rate_std': np.float64(0.0)}"
251,"{'tData_std': np.float64(6.059224552313094), 'tData_range': np.int64(20), 'tData_rate_std': np.float64(1.5289793254906285), 'tData_2_std': np.float64(7.44467986904077), 'tData_2_range': np.int64(20), 'tData_2_rate_std': np.float64(1.5748015748023623), 'tData_3_std': np.float64(7.576239148386391), 'tData_3_range': np.int64(20), 'tData_3_rate_std': np.float64(2.147793910597387), 'tData_4_std': np.float64(7.946980363679379), 'tData_4_range': np.int64(16), 'tData_4_rate_std': np.float64(1.744782924404638), 'pData_std': np.float64(1.5399631462326322), 'pData_range': np.int64(4), 'pData_rate_std': np.float64(0.46664559581592024), 'pData_2_std': np.float64(0.0), 'pData_2_range': np.int64(0), 'pData_2_rate_std': np.float64(0.0), 'pData_3_std': np.float64(5.699131358530346), 'pData_3_range': np.int64(67), 'pData_3_rate_std': np.float64(8.113089560840693), 'pData_4_std': np.float64(0.0), 'pData_4_range': np.int64(0), 'pData_4_rate_std': np.float64(0.0)}"
252,"{'tData_std': np.float64(9.09348730615288), 'tData_range': np.int64(20), 'tData_rate_std': np.float64(1.2611959660566265), 'tData_2_std': np.float64(8.945425434857732), 'tData_2_range': np.int64(20), 'tData_2_rate_std': np.float64(1.5551079036196531), 'tData_3_std': np.float64(9.657184278088321), 'tData_3_range': np.int64(20), 'tData_3_rate_std': np.float64(2.0599418904183464), 'tData_4_std': np.float64(7.708511588271934), 'tData_4_range': np.int64(16), 'tData_4_rate_std': np.float64(1.7068786071186353), 'pData_std': np.float64(15.840921141420269), 'pData_range': np.int64(55), 'pData_rate_std': np.float64(8.388778942702729), 'pData_2_std': np.float64(0.0), 'pData_2_range': np.int64(0), 'pData_2_rate_std': np.float64(0.0), 'pData_3_std': np.float64(2.8421188841342997), 'pData_3_range': np.int64(51), 'pData_3_rate_std': np.float64(4.031904016714684), 'pData_4_std': np.float64(0.0), 'pData_4_range': np.int64(0), 'pData_4_rate_std': np.float64(0.0)}"
253,"{'tData_std': np.float64(0.0), 'tData_range': np.int64(0), 'tData_rate_std': np.float64(0.0), 'tData_2_std': np.float64(0.0), 'tData_2_range': np.int64(0), 'tData_2_rate_std': np.float64(0.0), 'tData_3_std': np.float64(0.0), 'tData_3_range': np.int64(0), 'tData_3_rate_std': np.float64(0.0), 'tData_4_std': np.float64(0.16662173698080737), 'tData_4_range': np.int64(1), 'tData_4_rate_std': np.float64(0.16957175105122538), 'pData_std': np.float64(0.0), 'pData_range': np.int64(0), 'pData_rate_std': np.float64(0.0), 'pData_2_std': np.float64(0.0), 'pData_2_range': np.int64(0), 'pData_2_rate_std': np.float64(0.0), 'pData_3_std': np.float64(0.0), 'pData_3_range': np.int64(0), 'pData_3_rate_std': np.float64(0.0), 'pData_4_std': np.float64(0.0), 'pData_4_range': np.int64(0), 'pData_4_rate_std': np.float64(0.0)}"
254,"{'tData_std': np.float64(0.0), 'tData_range': np.int64(0), 'tData_rate_std': np.float64(0.0), 'tData_2_std': np.float64(0.4903014177279), 'tData_2_range': np.int64(1), 'tData_2_rate_std': np.float64(0.2931120430547885), 'tData_3_std': np.float64(0.12909944487358055), 'tData_3_range': np.int64(1), 'tData_3_rate_std': np.float64(0.18569533817705186), 'tData_4_std': np.float64(0.49971743428090826), 'tData_4_range': np.int64(1), 'tData_4_rate_std': np.float64(0.13018891098082389), 'pData_std': np.float64(0.0), 'pData_range': np.int64(0), 'pData_rate_std': np.float64(0.0), 'pData_2_std': np.float64(0.0), 'pData_2_range': np.int64(0), 'pData_2_rate_std': np.float64(0.0), 'pData_3_std': np.float64(0.0), 'pData_3_range': np.int64(0), 'pData_3_rate_std': np.float64(0.0), 'pData_4_std': np.float64(0.0), 'pData_4_range': np.int64(0), 'pData_4_rate_std': np.float64(0.0)}"
255,"{'tData_std': np.float64(0.0), 'tData_range': np.int64(0), 'tData_rate_std': np.float64(0.0), 'tData_2_std': np.float64(0.0), 'tData_2_range': np.int64(0), 'tData_2_rate_std': np.float64(0.0), 'tData_3_std': np.float64(0.0), 'tData_3_range': np.int64(0), 'tData_3_rate_std': np.float64(0.0), 'tData_4_std': np.float64(0.4836849263926645), 'tData_4_range': np.int64(1), 'tData_4_rate_std': np.float64(0.17827949541225907), 'pData_std': np.float64(0.11917295352428313), 'pData_range': np.int64(1), 'pData_rate_std': np.float64(0.16125517561815017), 'pData_2_std': np.float64(0.0), 'pData_2_range': np.int64(0), 'pData_2_rate_std': np.float64(0.0), 'pData_3_std': np.float64(0.0), 'pData_3_range': np.int64(0), 'pData_3_rate_std': np.float64(0.0), 'pData_4_std': np.float64(0.0), 'pData_4_range': np.int64(0), 'pData_4_rate_std': np.float64(0.0)}"
256,"{'tData_std': np.float64(1.9789816831670295), 'tData_range': np.int64(9), 'tData_rate_std': np.float64(0.14360077972672475), 'tData_2_std': np.float64(0.7072958114968839), 'tData_2_range': np.int64(2), 'tData_2_rate_std': np.float64(0.08291851102600285), 'tData_3_std': np.float64(0.863133453064964), 'tData_3_range': np.int64(3), 'tData_3_rate_std': np.float64(0.08953044381027098), 'tData_4_std': np.float64(1.5269459736301427), 'tData_4_range': np.int64(7), 'tData_4_rate_std': np.float64(0.13537948868448255), 'pData_std': np.float64(4.6889043938445685), 'pData_range': np.int64(88), 'pData_rate_std': np.float64(3.3154125918952086), 'pData_2_std': np.float64(0.0), 'pData_2_range': np.int64(0), 'pData_2_rate_std': np.float64(0.0), 'pData_3_std': np.float64(0.0), 'pData_3_range': np.int64(0), 'pData_3_rate_std': np.float64(0.0), 'pData_4_std': np.float64(2.581690412559773), 'pData_4_range': np.int64(54), 'pData_4_rate_std': np.float64(3.65734149198442)}"
257,"{'tData_std': np.float64(0.0), 'tData_range': np.int64(0), 'tData_rate_std': np.float64(0.0), 'tData_2_std': np.float64(0.0), 'tData_2_range': np.int64(0), 'tData_2_rate_std': np.float64(0.0), 'tData_3_std': np.float64(0.0), 'tData_3_range': np.int64(0), 'tData_3_rate_std': np.float64(0.0), 'tData_4_std': np.float64(0.41223300758262343), 'tData_4_range': np.int64(1), 'tData_4_rate_std': np.float64(0.10693862330832969), 'pData_std': np.float64(0.4785856712529695), 'pData_range': np.int64(1), 'pData_rate_std': np.float64(0.35487981902184007), 'pData_2_std': np.float64(0.0), 'pData_2_range': np.int64(0), 'pData_2_rate_std': np.float64(0.0), 'pData_3_std': np.float64(0.0), 'pData_3_range': np.int64(0), 'pData_3_rate_std': np.float64(0.0), 'pData_4_std': np.float64(0.0), 'pData_4_range': np.int64(0), 'pData_4_rate_std': np.float64(0.0)}"
258,"{'tData_std': np.float64(0.4905558544440116), 'tData_range': np.int64(1), 'tData_rate_std': np.float64(0.07392212709545729), 'tData_2_std': np.float64(0.0), 'tData_2_range': np.int64(0), 'tData_2_rate_std': np.float64(0.0), 'tData_3_std': np.float64(0.0), 'tData_3_range': np.int64(0), 'tData_3_rate_std': np.float64(0.0), 'tData_4_std': np.float64(0.0), 'tData_4_range': np.int64(0), 'tData_4_rate_std': np.float64(0.0), 'pData_std': np.float64(0.0), 'pData_range': np.int64(0), 'pData_rate_std': np.float64(0.0), 'pData_2_std': np.float64(0.0), 'pData_2_range': np.int64(0), 'pData_2_rate_std': np.float64(0.0), 'pData_3_std': np.float64(0.0), 'pData_3_range': np.int64(0), 'pData_3_rate_std': np.float64(0.0), 'pData_4_std': np.float64(0.0), 'pData_4_range': np.int64(0), 'pData_4_rate_std': np.float64(0.0)}"
259,"{'tData_std': np.float64(0.0), 'tData_range': np.int64(0), 'tData_rate_std': np.float64(0.0), 'tData_2_std': np.float64(0.0), 'tData_2_range': np.int64(0), 'tData_2_rate_std': np.float64(0.0), 'tData_3_std': np.float64(0.0), 'tData_3_range': np.int64(0), 'tData_3_rate_std': np.float64(0.0), 'tData_4_std': np.float64(0.0), 'tData_4_range': np.int64(0), 'tData_4_rate_std': np.float64(0.0), 'pData_std': np.float64(0.07216878364870323), 'pData_range': np.int64(1), 'pData_rate_std': np.float64(0.10259783520851541), 'pData_2_std': np.float64(0.0), 'pData_2_range': np.int64(0), 'pData_2_rate_std': np.float64(0.0), 'pData_3_std': np.float64(5.344458462421099), 'pData_3_range': np.int64(53), 'pData_3_rate_std': np.float64(7.617846083202812), 'pData_4_std': np.float64(0.0), 'pData_4_range': np.int64(0), 'pData_4_rate_std': np.float64(0.0)}"
260,"{'tData_std': np.float64(0.0), 'tData_range': np.int64(0), 'tData_rate_std': np.float64(0.0), 'tData_2_std': np.float64(0.0), 'tData_2_range': np.int64(0), 'tData_2_rate_std': np.float64(0.0), 'tData_3_std': np.float64(0.0), 'tData_3_range': np.int64(0), 'tData_3_rate_std': np.float64(0.0), 'tData_4_std': np.float64(0.0), 'tData_4_range': np.int64(0), 'tData_4_rate_std': np.float64(0.0), 'pData_std': np.float64(0.4089664058657637), 'pData_range': np.int64(1), 'pData_rate_std': np.float64(0.4626926701842741), 'pData_2_std': np.float64(0.0), 'pData_2_range': np.int64(0), 'pData_2_rate_std': np.float64(0.0), 'pData_3_std': np.float64(0.0), 'pData_3_range': np.int64(0), 'pData_3_rate_std': np.float64(0.0), 'pData_4_std': np.float64(0.0), 'pData_4_range': np.int64(0), 'pData_4_rate_std': np.float64(0.0)}"
261,"{'tData_std': np.float64(0.0), 'tData_range': np.int64(0), 'tData_rate_std': np.float64(0.0), 'tData_2_std': np.float64(0.0), 'tData_2_range': np.int64(0), 'tData_2_rate_std': np.float64(0.0), 'tData_3_std': np.float64(0.0), 'tData_3_range': np.int64(0), 'tData_3_rate_std': np.float64(0.0), 'tData_4_std': np.float64(0.0), 'tData_4_range': np.int64(0), 'tData_4_rate_std': np.float64(0.0), 'pData_std': np.float64(0.1147078669352809), 'pData_range': np.int64(1), 'pData_rate_std': np.float64(0.1643989873053573), 'pData_2_std': np.float64(0.0), 'pData_2_range': np.int64(0), 'pData_2_rate_std': np.float64(0.0), 'pData_3_std': np.float64(5.964809080634608), 'pData_3_range': np.int64(52), 'pData_3_rate_std': np.float64(8.54874733987858), 'pData_4_std': np.float64(0.0), 'pData_4_range': np.int64(0), 'pData_4_rate_std': np.float64(0.0)}"
262,"{'tData_std': np.float64(0.0), 'tData_range': np.int64(0), 'tData_rate_std': np.float64(0.0), 'tData_2_std': np.float64(0.0), 'tData_2_range': np.int64(0), 'tData_2_rate_std': np.float64(0.0), 'tData_3_std': np.float64(0.0), 'tData_3_range': np.int64(0), 'tData_3_rate_std': np.float64(0.0), 'tData_4_std': np.float64(0.0), 'tData_4_range': np.int64(0), 'tData_4_rate_std': np.float64(0.0), 'pData_std': np.float64(0.5030708231255843), 'pData_range': np.int64(1), 'pData_rate_std': np.float64(0.5958961957798588), 'pData_2_std': np.float64(0.0), 'pData_2_range': np.int64(0), 'pData_2_rate_std': np.float64(0.0), 'pData_3_std': np.float64(5.887840577551897), 'pData_3_range': np.int64(52), 'pData_3_rate_std': np.float64(8.435513898799652), 'pData_4_std': np.float64(0.0), 'pData_4_range': np.int64(0), 'pData_4_rate_std': np.float64(0.0)}"
263,"{'tData_std': np.float64(0.0), 'tData_range': np.int64(0), 'tData_rate_std': np.float64(0.0), 'tData_2_std': np.float64(0.0), 'tData_2_range': np.int64(0), 'tData_2_rate_std': np.float64(0.0), 'tData_3_std': np.float64(0.0), 'tData_3_range': np.int64(0), 'tData_3_rate_std': np.float64(0.0), 'tData_4_std': np.float64(0.0), 'tData_4_range': np.int64(0), 'tData_4_rate_std': np.float64(0.0), 'pData_std': np.float64(0.0), 'pData_range': np.int64(0), 'pData_rate_std': np.float64(0.0), 'pData_2_std': np.float64(0.0), 'pData_2_range': np.int64(0), 'pData_2_rate_std': np.float64(0.0), 'pData_3_std': np.float64(0.0), 'pData_3_range': np.int64(0), 'pData_3_rate_std': np.float64(0.0), 'pData_4_std': np.float64(0.0), 'pData_4_range': np.int64(0), 'pData_4_rate_std': np.float64(0.0)}"
264,"{'tData_std': np.float64(0.0), 'tData_range': np.int64(0), 'tData_rate_std': np.float64(0.0), 'tData_2_std': np.float64(0.4507075048209878), 'tData_2_range': np.int64(1), 'tData_2_rate_std': np.float64(0.2857142857142857), 'tData_3_std': np.float64(0.0), 'tData_3_range': np.int64(0), 'tData_3_rate_std': np.float64(0.0), 'tData_4_std': np.float64(0.0), 'tData_4_range': np.int64(0), 'tData_4_rate_std': np.float64(0.0), 'pData_std': np.float64(0.0), 'pData_range': np.int64(0), 'pData_rate_std': np.float64(0.0), 'pData_2_std': np.float64(0.0), 'pData_2_range': np.int64(0), 'pData_2_rate_std': np.float64(0.0), 'pData_3_std': np.float64(0.0), 'pData_3_range': np.int64(0), 'pData_3_rate_std': np.float64(0.0), 'pData_4_std': np.float64(0.0), 'pData_4_range': np.int64(0), 'pData_4_rate_std': np.float64(0.0)}"
265,"{'tData_std': np.float64(0.7320039530180438), 'tData_range': np.int64(11), 'tData_rate_std': np.float64(0.7421604537008376), 'tData_2_std': np.float64(0.9443185842990078), 'tData_2_range': np.int64(14), 'tData_2_rate_std': np.float64(0.9364856366189408), 'tData_3_std': np.float64(0.9769543061535974), 'tData_3_range': np.int64(16), 'tData_3_rate_std': np.float64(0.9478373921328139), 'tData_4_std': np.float64(1.740006929145737), 'tData_4_range': np.int64(13), 'tData_4_rate_std': np.float64(0.8589841863748526), 'pData_std': np.float64(0.0), 'pData_range': np.int64(0), 'pData_rate_std': np.float64(0.0), 'pData_2_std': np.float64(0.0), 'pData_2_range': np.int64(0), 'pData_2_rate_std': np.float64(0.0), 'pData_3_std': np.float64(0.0), 'pData_3_range': np.int64(0), 'pData_3_rate_std': np.float64(0.0), 'pData_4_std': np.float64(0.0), 'pData_4_range': np.int64(0), 'pData_4_rate_std': np.float64(0.0)}"
266,"{'tData_std': np.float64(0.0), 'tData_range': np.int64(0), 'tData_rate_std': np.float64(0.0), 'tData_2_std': np.float64(0.0), 'tData_2_range': np.int64(0), 'tData_2_rate_std': np.float64(0.0), 'tData_3_std': np.float64(0.0), 'tData_3_range': np.int64(0), 'tData_3_rate_std': np.float64(0.0), 'tData_4_std': np.float64(0.0), 'tData_4_range': np.int64(0), 'tData_4_rate_std': np.float64(0.0), 'pData_std': np.float64(0.0), 'pData_range': np.int64(0), 'pData_rate_std': np.float64(0.0), 'pData_2_std': np.float64(0.0), 'pData_2_range': np.int64(0), 'pData_2_rate_std': np.float64(0.0), 'pData_3_std': np.float64(0.0), 'pData_3_range': np.int64(0), 'pData_3_rate_std': np.float64(0.0), 'pData_4_std': np.float64(0.0), 'pData_4_range': np.int64(0), 'pData_4_rate_std': np.float64(0.0)}"
267,"{'tData_std': np.float64(0.0), 'tData_range': np.int64(0), 'tData_rate_std': np.float64(0.0), 'tData_2_std': np.float64(0.0), 'tData_2_range': np.int64(0), 'tData_2_rate_std': np.float64(0.0), 'tData_3_std': np.float64(0.0), 'tData_3_range': np.int64(0), 'tData_3_rate_std': np.float64(0.0), 'tData_4_std': np.float64(0.0), 'tData_4_range': np.int64(0), 'tData_4_rate_std': np.float64(0.0), 'pData_std': np.float64(0.0), 'pData_range': np.int64(0), 'pData_rate_std': np.float64(0.0), 'pData_2_std': np.float64(0.0), 'pData_2_range': np.int64(0), 'pData_2_rate_std': np.float64(0.0), 'pData_3_std': np.float64(0.0), 'pData_3_range': np.int64(0), 'pData_3_rate_std': np.float64(0.0), 'pData_4_std': np.float64(0.0), 'pData_4_range': np.int64(0), 'pData_4_rate_std': np.float64(0.0)}"
268,"{'tData_std': np.float64(0.15426913256507244), 'tData_range': np.int64(1), 'tData_rate_std': np.float64(0.13552674874694112), 'tData_2_std': np.float64(0.0), 'tData_2_range': np.int64(0), 'tData_2_rate_std': np.float64(0.0), 'tData_3_std': np.float64(0.0), 'tData_3_range': np.int64(0), 'tData_3_rate_std': np.float64(0.0), 'tData_4_std': np.float64(0.49996304371922956), 'tData_4_range': np.int64(1), 'tData_4_rate_std': np.float64(0.20714095907504632), 'pData_std': np.float64(0.0), 'pData_range': np.int64(0), 'pData_rate_std': np.float64(0.0), 'pData_2_std': np.float64(0.0), 'pData_2_range': np.int64(0), 'pData_2_rate_std': np.float64(0.0), 'pData_3_std': np.float64(0.0), 'pData_3_range': np.int64(0), 'pData_3_rate_std': np.float64(0.0), 'pData_4_std': np.float64(0.0), 'pData_4_range': np.int64(0), 'pData_4_rate_std': np.float64(0.0)}"
269,"{'tData_std': np.float64(0.0), 'tData_range': np.int64(0), 'tData_rate_std': np.float64(0.0), 'tData_2_std': np.float64(0.0), 'tData_2_range': np.int64(0), 'tData_2_rate_std': np.float64(0.0), 'tData_3_std': np.float64(0.0), 'tData_3_range': np.int64(0), 'tData_3_rate_std': np.float64(0.0), 'tData_4_std': np.float64(0.0), 'tData_4_range': np.int64(0), 'tData_4_rate_std': np.float64(0.0), 'pData_std': np.float64(0.0), 'pData_range': np.int64(0), 'pData_rate_std': np.float64(0.0), 'pData_2_std': np.float64(0.0), 'pData_2_range': np.int64(0), 'pData_2_rate_std': np.float64(0.0), 'pData_3_std': np.float64(0.0), 'pData_3_range': np.int64(0), 'pData_3_rate_std': np.float64(0.0), 'pData_4_std': np.float64(0.0), 'pData_4_range': np.int64(0), 'pData_4_rate_std': np.float64(0.0)}"
270,"{'tData_std': np.float64(9.216931941441963), 'tData_range': np.int64(20), 'tData_rate_std': np.float64(1.058633038805183), 'tData_2_std': np.float64(9.190953938255452), 'tData_2_range': np.int64(20), 'tData_2_rate_std': np.float64(1.0123856429595763), 'tData_3_std': np.float64(9.8364220999122), 'tData_3_range': np.int64(29), 'tData_3_rate_std': np.float64(1.6253638998555962), 'tData_4_std': np.float64(8.049290136602261), 'tData_4_range': np.int64(18), 'tData_4_rate_std': np.float64(1.587542613440228), 'pData_std': np.float64(0.0), 'pData_range': np.int64(0), 'pData_rate_std': np.float64(0.0), 'pData_2_std': np.float64(0.0), 'pData_2_range': np.int64(0), 'pData_2_rate_std': np.float64(0.0), 'pData_3_std': np.float64(1.7080228269287157), 'pData_3_range': np.int64(60), 'pData_3_rate_std': np.float64(2.417468892076141), 'pData_4_std': np.float64(0.0), 'pData_4_range': np.int64(0), 'pData_4_rate_std': np.float64(0.0)}"
271,"{'tData_std': np.float64(6.628501509245097), 'tData_range': np.int64(20), 'tData_rate_std': np.float64(1.839052424793326), 'tData_2_std': np.float64(6.155742139687349), 'tData_2_range': np.int64(20), 'tData_2_rate_std': np.float64(2.698991079186527), 'tData_3_std': np.float64(6.792804542189265), 'tData_3_range': np.int64(20), 'tData_3_rate_std': np.float64(2.06007340622231), 'tData_4_std': np.float64(7.430972671105017), 'tData_4_range': np.int64(20), 'tData_4_rate_std': np.float64(1.4164371699764697), 'pData_std': np.float64(0.0), 'pData_range': np.int64(0), 'pData_rate_std': np.float64(0.0), 'pData_2_std': np.float64(0.0), 'pData_2_range': np.int64(0), 'pData_2_rate_std': np.float64(0.0), 'pData_3_std': np.float64(0.0), 'pData_3_range': np.int64(0), 'pData_3_rate_std': np.float64(0.0), 'pData_4_std': np.float64(0.0), 'pData_4_range': np.int64(0), 'pData_4_rate_std': np.float64(0.0)}"
272,"{'tData_std': np.float64(0.0), 'tData_range': np.int64(0), 'tData_rate_std': np.float64(0.0), 'tData_2_std': np.float64(0.0), 'tData_2_range': np.int64(0), 'tData_2_rate_std': np.float64(0.0), 'tData_3_std': np.float64(0.0), 'tData_3_range': np.int64(0), 'tData_3_rate_std': np.float64(0.0), 'tData_4_std': np.float64(0.0), 'tData_4_range': np.int64(0), 'tData_4_rate_std': np.float64(0.0), 'pData_std': np.float64(0.0), 'pData_range': np.int64(0), 'pData_rate_std': np.float64(0.0), 'pData_2_std': np.float64(0.0), 'pData_2_range': np.int64(0), 'pData_2_rate_std': np.float64(0.0), 'pData_3_std': np.float64(0.0), 'pData_3_range': np.int64(0), 'pData_3_rate_std': np.float64(0.0), 'pData_4_std': np.float64(0.0), 'pData_4_range': np.int64(0), 'pData_4_rate_std': np.float64(0.0)}"
273,"{'tData_std': np.float64(0.0), 'tData_range': np.int64(0), 'tData_rate_std': np.float64(0.0), 'tData_2_std': np.float64(0.0), 'tData_2_range': np.int64(0), 'tData_2_rate_std': np.float64(0.0), 'tData_3_std': np.float64(0.0), 'tData_3_range': np.int64(0), 'tData_3_rate_std': np.float64(0.0), 'tData_4_std': np.float64(0.0), 'tData_4_range': np.int64(0), 'tData_4_rate_std': np.float64(0.0), 'pData_std': np.float64(0.0), 'pData_range': np.int64(0), 'pData_rate_std': np.float64(0.0), 'pData_2_std': np.float64(0.0), 'pData_2_range': np.int64(0), 'pData_2_rate_std': np.float64(0.0), 'pData_3_std': np.float64(0.0), 'pData_3_range': np.int64(0), 'pData_3_rate_std': np.float64(0.0), 'pData_4_std': np.float64(0.0), 'pData_4_range': np.int64(0), 'pData_4_rate_std': np.float64(0.0)}"
274,"{'tData_std': np.float64(0.0), 'tData_range': np.int64(0), 'tData_rate_std': np.float64(0.0), 'tData_2_std': np.float64(0.0), 'tData_2_range': np.int64(0), 'tData_2_rate_std': np.float64(0.0), 'tData_3_std': np.float64(0.0), 'tData_3_range': np.int64(0), 'tData_3_rate_std': np.float64(0.0), 'tData_4_std': np.float64(0.0), 'tData_4_range': np.int64(0), 'tData_4_rate_std': np.float64(0.0), 'pData_std': np.float64(0.0), 'pData_range': np.int64(0), 'pData_rate_std': np.float64(0.0), 'pData_2_std': np.float64(0.0), 'pData_2_range': np.int64(0), 'pData_2_rate_std': np.float64(0.0), 'pData_3_std': np.float64(0.0), 'pData_3_range': np.int64(0), 'pData_3_rate_std': np.float64(0.0), 'pData_4_std': np.float64(0.0), 'pData_4_range': np.int64(0), 'pData_4_rate_std': np.float64(0.0)}"
275,"{'tData_std': np.float64(0.0), 'tData_range': np.int64(0), 'tData_rate_std': np.float64(0.0), 'tData_2_std': np.float64(0.0), 'tData_2_range': np.int64(0), 'tData_2_rate_std': np.float64(0.0), 'tData_3_std': np.float64(0.0), 'tData_3_range': np.int64(0), 'tData_3_rate_std': np.float64(0.0), 'tData_4_std': np.float64(0.0), 'tData_4_range': np.int64(0), 'tData_4_rate_std': np.float64(0.0), 'pData_std': np.float64(0.0), 'pData_range': np.int64(0), 'pData_rate_std': np.float64(0.0), 'pData_2_std': np.float64(0.0), 'pData_2_range': np.int64(0), 'pData_2_rate_std': np.float64(0.0), 'pData_3_std': np.float64(0.0), 'pData_3_range': np.int64(0), 'pData_3_rate_std': np.float64(0.0), 'pData_4_std': np.float64(0.0), 'pData_4_range': np.int64(0), 'pData_4_rate_std': np.float64(0.0)}"
276,"{'tData_std': np.float64(0.0), 'tData_range': np.int64(0), 'tData_rate_std': np.float64(0.0), 'tData_2_std': np.float64(0.0), 'tData_2_range': np.int64(0), 'tData_2_rate_std': np.float64(0.0), 'tData_3_std': np.float64(0.0), 'tData_3_range': np.int64(0), 'tData_3_rate_std': np.float64(0.0), 'tData_4_std': np.float64(0.0), 'tData_4_range': np.int64(0), 'tData_4_rate_std': np.float64(0.0), 'pData_std': np.float64(0.0), 'pData_range': np.int64(0), 'pData_rate_std': np.float64(0.0), 'pData_2_std': np.float64(0.0), 'pData_2_range': np.int64(0), 'pData_2_rate_std': np.float64(0.0), 'pData_3_std': np.float64(0.0), 'pData_3_range': np.int64(0), 'pData_3_rate_std': np.float64(0.0), 'pData_4_std': np.float64(0.0), 'pData_4_range': np.int64(0), 'pData_4_rate_std': np.float64(0.0)}"
277,"{'tData_std': np.float64(0.0), 'tData_range': np.int64(0), 'tData_rate_std': np.float64(0.0), 'tData_2_std': np.float64(0.0), 'tData_2_range': np.int64(0), 'tData_2_rate_std': np.float64(0.0), 'tData_3_std': np.float64(0.0), 'tData_3_range': np.int64(0), 'tData_3_rate_std': np.float64(0.0), 'tData_4_std': np.float64(0.0), 'tData_4_range': np.int64(0), 'tData_4_rate_std': np.float64(0.0), 'pData_std': np.float64(0.0), 'pData_range': np.int64(0), 'pData_rate_std': np.float64(0.0), 'pData_2_std': np.float64(0.0), 'pData_2_range': np.int64(0), 'pData_2_rate_std': np.float64(0.0), 'pData_3_std': np.float64(0.0), 'pData_3_range': np.int64(0), 'pData_3_rate_std': np.float64(0.0), 'pData_4_std': np.float64(0.0), 'pData_4_range': np.int64(0), 'pData_4_rate_std': np.float64(0.0)}"
278,"{'tData_std': np.float64(0.0), 'tData_range': np.int64(0), 'tData_rate_std': np.float64(0.0), 'tData_2_std': np.float64(0.0), 'tData_2_range': np.int64(0), 'tData_2_rate_std': np.float64(0.0), 'tData_3_std': np.float64(0.0), 'tData_3_range': np.int64(0), 'tData_3_rate_std': np.float64(0.0), 'tData_4_std': np.float64(0.0), 'tData_4_range': np.int64(0), 'tData_4_rate_std': np.float64(0.0), 'pData_std': np.float64(0.0), 'pData_range': np.int64(0), 'pData_rate_std': np.float64(0.0), 'pData_2_std': np.float64(0.0), 'pData_2_range': np.int64(0), 'pData_2_rate_std': np.float64(0.0), 'pData_3_std': np.float64(0.0), 'pData_3_range': np.int64(0), 'pData_3_rate_std': np.float64(0.0), 'pData_4_std': np.float64(0.0), 'pData_4_range': np.int64(0), 'pData_4_rate_std': np.float64(0.0)}"
279,"{'tData_std': np.float64(0.0), 'tData_range': np.int64(0), 'tData_rate_std': np.float64(0.0), 'tData_2_std': np.float64(0.0), 'tData_2_range': np.int64(0), 'tData_2_rate_std': np.float64(0.0), 'tData_3_std': np.float64(0.0), 'tData_3_range': np.int64(0), 'tData_3_rate_std': np.float64(0.0), 'tData_4_std': np.float64(0.477748865246144), 'tData_4_range': np.int64(1), 'tData_4_rate_std': np.float64(0.1875153889085214), 'pData_std': np.float64(17.978182193009253), 'pData_range': np.int64(135), 'pData_rate_std': np.float64(15.198220800243618), 'pData_2_std': np.float64(16.440558325128684), 'pData_2_range': np.int64(183), 'pData_2_rate_std': np.float64(18.910091202735504), 'pData_3_std': np.float64(8.304913660544035), 'pData_3_range': np.int64(76), 'pData_3_rate_std': np.float64(11.8684099579336), 'pData_4_std': np.float64(12.07865434687949), 'pData_4_range': np.int64(118), 'pData_4_rate_std': np.float64(12.514217266885568)}"
280,"{'tData_std': np.float64(0.0), 'tData_range': np.int64(0), 'tData_rate_std': np.float64(0.0), 'tData_2_std': np.float64(0.0), 'tData_2_range': np.int64(0), 'tData_2_rate_std': np.float64(0.0), 'tData_3_std': np.float64(0.0), 'tData_3_range': np.int64(0), 'tData_3_rate_std': np.float64(0.0), 'tData_4_std': np.float64(0.0), 'tData_4_range': np.int64(0), 'tData_4_rate_std': np.float64(0.0), 'pData_std': np.float64(0.0), 'pData_range': np.int64(0), 'pData_rate_std': np.float64(0.0), 'pData_2_std': np.float64(0.0), 'pData_2_range': np.int64(0), 'pData_2_rate_std': np.float64(0.0), 'pData_3_std': np.float64(0.0), 'pData_3_range': np.int64(0), 'pData_3_rate_std': np.float64(0.0), 'pData_4_std': np.float64(0.0), 'pData_4_range': np.int64(0), 'pData_4_rate_std': np.float64(0.0)}"
281,"{'tData_std': np.float64(0.0), 'tData_range': np.int64(0), 'tData_rate_std': np.float64(0.0), 'tData_2_std': np.float64(0.49722160704580604), 'tData_2_range': np.int64(1), 'tData_2_rate_std': np.float64(0.12126781251816651), 'tData_3_std': np.float64(0.5036101551853349), 'tData_3_range': np.int64(1), 'tData_3_rate_std': np.float64(0.12126781251816651), 'tData_4_std': np.float64(0.0), 'tData_4_range': np.int64(0), 'tData_4_rate_std': np.float64(0.0), 'pData_std': np.float64(0.0), 'pData_range': np.int64(0), 'pData_rate_std': np.float64(0.0), 'pData_2_std': np.float64(0.0), 'pData_2_range': np.int64(0), 'pData_2_rate_std': np.float64(0.0), 'pData_3_std': np.float64(0.0), 'pData_3_range': np.int64(0), 'pData_3_rate_std': np.float64(0.0), 'pData_4_std': np.float64(0.0), 'pData_4_range': np.int64(0), 'pData_4_rate_std': np.float64(0.0)}"
282,"{'tData_std': np.float64(0.301005027940793), 'tData_range': np.int64(1), 'tData_rate_std': np.float64(0.18368025594222198), 'tData_2_std': np.float64(0.0), 'tData_2_range': np.int64(0), 'tData_2_rate_std': np.float64(0.0), 'tData_3_std': np.float64(0.0), 'tData_3_range': np.int64(0), 'tData_3_rate_std': np.float64(0.0), 'tData_4_std': np.float64(0.5014966414959998), 'tData_4_range': np.int64(1), 'tData_4_rate_std': np.float64(0.08192319205190403), 'pData_std': np.float64(0.0), 'pData_range': np.int64(0), 'pData_rate_std': np.float64(0.0), 'pData_2_std': np.float64(0.0), 'pData_2_range': np.int64(0), 'pData_2_rate_std': np.float64(0.0), 'pData_3_std': np.float64(0.0), 'pData_3_range': np.int64(0), 'pData_3_rate_std': np.float64(0.0), 'pData_4_std': np.float64(0.0), 'pData_4_range': np.int64(0), 'pData_4_rate_std': np.float64(0.0)}"
283,"{'tData_std': np.float64(0.421465937144498), 'tData_range': np.int64(2), 'tData_rate_std': np.float64(0.10101220719192967), 'tData_2_std': np.float64(1.130006089527907), 'tData_2_range': np.int64(6), 'tData_2_rate_std': np.float64(0.1010122071919297), 'tData_3_std': np.float64(0.8701675651103586), 'tData_3_range': np.int64(5), 'tData_3_rate_std': np.float64(0.10850495248835965), 'tData_4_std': np.float64(0.7303371421901831), 'tData_4_range': np.int64(4), 'tData_4_rate_std': np.float64(0.14284852376498397), 'pData_std': np.float64(9.997372080788452), 'pData_range': np.int64(60), 'pData_rate_std': np.float64(2.243777371238009), 'pData_2_std': np.float64(0.0), 'pData_2_range': np.int64(0), 'pData_2_rate_std': np.float64(0.0), 'pData_3_std': np.float64(0.0), 'pData_3_range': np.int64(0), 'pData_3_rate_std': np.float64(0.0), 'pData_4_std': np.float64(0.0), 'pData_4_range': np.int64(0), 'pData_4_rate_std': np.float64(0.0)}"
284,"{'tData_std': np.float64(0.0), 'tData_range': np.int64(0), 'tData_rate_std': np.float64(0.0), 'tData_2_std': np.float64(0.0), 'tData_2_range': np.int64(0), 'tData_2_rate_std': np.float64(0.0), 'tData_3_std': np.float64(0.0), 'tData_3_range': np.int64(0), 'tData_3_rate_std': np.float64(0.0), 'tData_4_std': np.float64(0.0), 'tData_4_range': np.int64(0), 'tData_4_rate_std': np.float64(0.0), 'pData_std': np.float64(0.0), 'pData_range': np.int64(0), 'pData_rate_std': np.float64(0.0), 'pData_2_std': np.float64(0.0), 'pData_2_range': np.int64(0), 'pData_2_rate_std': np.float64(0.0), 'pData_3_std': np.float64(0.0), 'pData_3_range': np.int64(0), 'pData_3_rate_std': np.float64(0.0), 'pData_4_std': np.float64(0.0), 'pData_4_range': np.int64(0), 'pData_4_rate_std': np.float64(0.0)}"
285,"{'tData_std': np.float64(0.0), 'tData_range': np.int64(0), 'tData_rate_std': np.float64(0.0), 'tData_2_std': np.float64(0.0), 'tData_2_range': np.int64(0), 'tData_2_rate_std': np.float64(0.0), 'tData_3_std': np.float64(0.0), 'tData_3_range': np.int64(0), 'tData_3_rate_std': np.float64(0.0), 'tData_4_std': np.float64(0.0), 'tData_4_range': np.int64(0), 'tData_4_rate_std': np.float64(0.0), 'pData_std': np.float64(0.0), 'pData_range': np.int64(0), 'pData_rate_std': np.float64(0.0), 'pData_2_std': np.float64(0.0), 'pData_2_range': np.int64(0), 'pData_2_rate_std': np.float64(0.0), 'pData_3_std': np.float64(0.0), 'pData_3_range': np.int64(0), 'pData_3_rate_std': np.float64(0.0), 'pData_4_std': np.float64(0.0), 'pData_4_range': np.int64(0), 'pData_4_rate_std': np.float64(0.0)}"
286,"{'tData_std': np.float64(0.0), 'tData_range': np.int64(0), 'tData_rate_std': np.float64(0.0), 'tData_2_std': np.float64(0.0), 'tData_2_range': np.int64(0), 'tData_2_rate_std': np.float64(0.0), 'tData_3_std': np.float64(0.0), 'tData_3_range': np.int64(0), 'tData_3_rate_std': np.float64(0.0), 'tData_4_std': np.float64(0.0), 'tData_4_range': np.int64(0), 'tData_4_rate_std': np.float64(0.0), 'pData_std': np.float64(0.0), 'pData_range': np.int64(0), 'pData_rate_std': np.float64(0.0), 'pData_2_std': np.float64(0.0), 'pData_2_range': np.int64(0), 'pData_2_rate_std': np.float64(0.0), 'pData_3_std': np.float64(0.0), 'pData_3_range': np.int64(0), 'pData_3_rate_std': np.float64(0.0), 'pData_4_std': np.float64(0.0), 'pData_4_range': np.int64(0), 'pData_4_rate_std': np.float64(0.0)}"
287,"{'tData_std': np.float64(0.0), 'tData_range': np.int64(0), 'tData_rate_std': np.float64(0.0), 'tData_2_std': np.float64(0.0), 'tData_2_range': np.int64(0), 'tData_2_rate_std': np.float64(0.0), 'tData_3_std': np.float64(0.0), 'tData_3_range': np.int64(0), 'tData_3_rate_std': np.float64(0.0), 'tData_4_std': np.float64(0.0), 'tData_4_range': np.int64(0), 'tData_4_rate_std': np.float64(0.0), 'pData_std': np.float64(0.0), 'pData_range': np.int64(0), 'pData_rate_std': np.float64(0.0), 'pData_2_std': np.float64(0.0), 'pData_2_range': np.int64(0), 'pData_2_rate_std': np.float64(0.0), 'pData_3_std': np.float64(0.0), 'pData_3_range': np.int64(0), 'pData_3_rate_std': np.float64(0.0), 'pData_4_std': np.float64(0.0), 'pData_4_range': np.int64(0), 'pData_4_rate_std': np.float64(0.0)}"
288,"{'tData_std': np.float64(0.0), 'tData_range': np.int64(0), 'tData_rate_std': np.float64(0.0), 'tData_2_std': np.float64(0.0), 'tData_2_range': np.int64(0), 'tData_2_rate_std': np.float64(0.0), 'tData_3_std': np.float64(0.0), 'tData_3_range': np.int64(0), 'tData_3_rate_std': np.float64(0.0), 'tData_4_std': np.float64(0.0), 'tData_4_range': np.int64(0), 'tData_4_rate_std': np.float64(0.0), 'pData_std': np.float64(0.0), 'pData_range': np.int64(0), 'pData_rate_std': np.float64(0.0), 'pData_2_std': np.float64(0.0), 'pData_2_range': np.int64(0), 'pData_2_rate_std': np.float64(0.0), 'pData_3_std': np.float64(0.0), 'pData_3_range': np.int64(0), 'pData_3_rate_std': np.float64(0.0), 'pData_4_std': np.float64(0.0), 'pData_4_range': np.int64(0), 'pData_4_rate_std': np.float64(0.0)}"
289,"{'tData_std': np.float64(0.49060107327971286), 'tData_range': np.int64(1), 'tData_rate_std': np.float64(0.049629166698546515), 'tData_2_std': np.float64(0.46186955862619716), 'tData_2_range': np.int64(1), 'tData_2_rate_std': np.float64(0.11108374047118083), 'tData_3_std': np.float64(0.4493842859168476), 'tData_3_range': np.int64(2), 'tData_3_rate_std': np.float64(0.09925833339709306), 'tData_4_std': np.float64(0.468697990058313), 'tData_4_range': np.int64(1), 'tData_4_rate_std': np.float64(0.049629166698546515), 'pData_std': np.float64(0.0), 'pData_range': np.int64(0), 'pData_rate_std': np.float64(0.0), 'pData_2_std': np.float64(0.0), 'pData_2_range': np.int64(0), 'pData_2_rate_std': np.float64(0.0), 'pData_3_std': np.float64(0.0), 'pData_3_range': np.int64(0), 'pData_3_rate_std': np.float64(0.0), 'pData_4_std': np.float64(0.0), 'pData_4_range': np.int64(0), 'pData_4_rate_std': np.float64(0.0)}"
290,"{'tData_std': np.float64(0.3805993700684862), 'tData_range': np.int64(1), 'tData_rate_std': np.float64(0.10153461651336189), 'tData_2_std': np.float64(0.3409433578146889), 'tData_2_range': np.int64(1), 'tData_2_rate_std': np.float64(0.17647269387598977), 'tData_3_std': np.float64(0.0), 'tData_3_range': np.int64(0), 'tData_3_rate_std': np.float64(0.0), 'tData_4_std': np.float64(0.3805993700684862), 'tData_4_range': np.int64(1), 'tData_4_rate_std': np.float64(0.10153461651336189), 'pData_std': np.float64(0.0), 'pData_range': np.int64(0), 'pData_rate_std': np.float64(0.0), 'pData_2_std': np.float64(0.0), 'pData_2_range': np.int64(0), 'pData_2_rate_std': np.float64(0.0), 'pData_3_std': np.float64(0.0), 'pData_3_range': np.int64(0), 'pData_3_rate_std': np.float64(0.0), 'pData_4_std': np.float64(0.0), 'pData_4_range': np.int64(0), 'pData_4_rate_std': np.float64(0.0)}"
291,"{'tData_std': np.float64(0.0), 'tData_range': np.int64(0), 'tData_rate_std': np.float64(0.0), 'tData_2_std': np.float64(0.0), 'tData_2_range': np.int64(0), 'tData_2_rate_std': np.float64(0.0), 'tData_3_std': np.float64(0.0), 'tData_3_range': np.int64(0), 'tData_3_rate_std': np.float64(0.0), 'tData_4_std': np.float64(0.0), 'tData_4_range': np.int64(0), 'tData_4_rate_std': np.float64(0.0), 'pData_std': np.float64(0.0), 'pData_range': np.int64(0), 'pData_rate_std': np.float64(0.0), 'pData_2_std': np.float64(0.0), 'pData_2_range': np.int64(0), 'pData_2_rate_std': np.float64(0.0), 'pData_3_std': np.float64(0.0), 'pData_3_range': np.int64(0), 'pData_3_rate_std': np.float64(0.0), 'pData_4_std': np.float64(0.0), 'pData_4_range': np.int64(0), 'pData_4_rate_std': np.float64(0.0)}"
292,"{'tData_std': np.float64(0.0), 'tData_range': np.int64(0), 'tData_rate_std': np.float64(0.0), 'tData_2_std': np.float64(0.0), 'tData_2_range': np.int64(0), 'tData_2_rate_std': np.float64(0.0), 'tData_3_std': np.float64(0.0), 'tData_3_range': np.int64(0), 'tData_3_rate_std': np.float64(0.0), 'tData_4_std': np.float64(0.0), 'tData_4_range': np.int64(0), 'tData_4_rate_std': np.float64(0.0), 'pData_std': np.float64(0.0), 'pData_range': np.int64(0), 'pData_rate_std': np.float64(0.0), 'pData_2_std': np.float64(0.0), 'pData_2_range': np.int64(0), 'pData_2_rate_std': np.float64(0.0), 'pData_3_std': np.float64(0.0), 'pData_3_range': np.int64(0), 'pData_3_rate_std': np.float64(0.0), 'pData_4_std': np.float64(0.0), 'pData_4_range': np.int64(0), 'pData_4_rate_std': np.float64(0.0)}"
293,"{'tData_std': np.float64(0.0), 'tData_range': np.int64(0), 'tData_rate_std': np.float64(0.0), 'tData_2_std': np.float64(0.0), 'tData_2_range': np.int64(0), 'tData_2_rate_std': np.float64(0.0), 'tData_3_std': np.float64(0.2149647834019842), 'tData_3_range': np.int64(1), 'tData_3_rate_std': np.float64(0.14002800840280097), 'tData_4_std': np.float64(0.42336537115199285), 'tData_4_range': np.int64(1), 'tData_4_rate_std': np.float64(0.0985329278164293), 'pData_std': np.float64(28.640647475689796), 'pData_range': np.int64(176), 'pData_rate_std': np.float64(16.18823101915128), 'pData_2_std': np.float64(22.311052127814083), 'pData_2_range': np.int64(188), 'pData_2_rate_std': np.float64(23.349014338687518), 'pData_3_std': np.float64(20.607529602686878), 'pData_3_range': np.int64(141), 'pData_3_rate_std': np.float64(17.100051599509353), 'pData_4_std': np.float64(16.689091212424938), 'pData_4_range': np.int64(139), 'pData_4_rate_std': np.float64(13.892443989449804)}"
294,"{'tData_std': np.float64(1.5083556817680603), 'tData_range': np.int64(8), 'tData_rate_std': np.float64(0.10885653814206105), 'tData_2_std': np.float64(1.5098819873238907), 'tData_2_range': np.int64(8), 'tData_2_rate_std': np.float64(0.1651112346706667), 'tData_3_std': np.float64(1.2421746107600267), 'tData_3_range': np.int64(6), 'tData_3_rate_std': np.float64(0.10611048878754807), 'tData_4_std': np.float64(1.8378820857792686), 'tData_4_range': np.int64(7), 'tData_4_rate_std': np.float64(0.14194541585763162), 'pData_std': np.float64(5.441086810964691), 'pData_range': np.int64(153), 'pData_rate_std': np.float64(4.804784219192921), 'pData_2_std': np.float64(4.7124039618066575), 'pData_2_range': np.int64(181), 'pData_2_rate_std': np.float64(5.447709067504714), 'pData_3_std': np.float64(4.6854532637223505), 'pData_3_range': np.int64(182), 'pData_3_rate_std': np.float64(6.631372688549471), 'pData_4_std': np.float64(4.102004093696905), 'pData_4_range': np.int64(152), 'pData_4_rate_std': np.float64(4.533612855615252)}"
295,"{'tData_std': np.float64(1.1532420203900524), 'tData_range': np.int64(4), 'tData_rate_std': np.float64(0.10057763538923023), 'tData_2_std': np.float64(0.8714389546317365), 'tData_2_range': np.int64(4), 'tData_2_rate_std': np.float64(0.12909395910032403), 'tData_3_std': np.float64(0.8881341271979264), 'tData_3_range': np.int64(3), 'tData_3_rate_std': np.float64(0.12198605774159091), 'tData_4_std': np.float64(0.0), 'tData_4_range': np.int64(0), 'tData_4_rate_std': np.float64(0.0), 'pData_std': np.float64(0.0), 'pData_range': np.int64(0), 'pData_rate_std': np.float64(0.0), 'pData_2_std': np.float64(36.03045500396452), 'pData_2_range': np.int64(338), 'pData_2_rate_std': np.float64(22.434746647619114), 'pData_3_std': np.float64(44.3788231168099), 'pData_3_range': np.int64(264), 'pData_3_rate_std': np.float64(28.34794441191376), 'pData_4_std': np.float64(50.41780398411792), 'pData_4_range': np.int64(261), 'pData_4_rate_std': np.float64(31.462430354464413)}"
296,"{'tData_std': np.float64(1.3975480639366324), 'tData_range': np.int64(5), 'tData_rate_std': np.float64(0.15088697706225432), 'tData_2_std': np.float64(1.914326301637003), 'tData_2_range': np.int64(6), 'tData_2_rate_std': np.float64(0.11899926553673458), 'tData_3_std': np.float64(1.707946221636564), 'tData_3_range': np.int64(6), 'tData_3_rate_std': np.float64(0.11466769139253837), 'tData_4_std': np.float64(1.6957441819372696), 'tData_4_range': np.int64(6), 'tData_4_rate_std': np.float64(0.1292052837660215), 'pData_std': np.float64(23.017176456586384), 'pData_range': np.int64(246), 'pData_rate_std': np.float64(26.566012806539995), 'pData_2_std': np.float64(44.04779792649544), 'pData_2_range': np.int64(312), 'pData_2_rate_std': np.float64(44.94123427932966), 'pData_3_std': np.float64(50.71900085588622), 'pData_3_range': np.int64(288), 'pData_3_rate_std': np.float64(39.92170499847823), 'pData_4_std': np.float64(10.91861256858259), 'pData_4_range': np.int64(124), 'pData_4_rate_std': np.float64(13.919338192187947)}"
298,"{'tData_std': np.float64(0.0), 'tData_range': np.int64(0), 'tData_rate_std': np.float64(0.0), 'tData_2_std': np.float64(0.0), 'tData_2_range': np.int64(0), 'tData_2_rate_std': np.float64(0.0), 'tData_3_std': np.float64(0.39880870450048034), 'tData_3_range': np.int64(1), 'tData_3_rate_std': np.float64(0.10783277320343843), 'tData_4_std': np.float64(0.0), 'tData_4_range': np.int64(0), 'tData_4_rate_std': np.float64(0.0), 'pData_std': np.float64(30.8210292824635), 'pData_range': np.int64(132), 'pData_rate_std': np.float64(42.78784874237077), 'pData_2_std': np.float64(53.45565280079612), 'pData_2_range': np.int64(188), 'pData_2_rate_std': np.float64(72.53202132608094), 'pData_3_std': np.float64(47.27123473940318), 'pData_3_range': np.int64(189), 'pData_3_rate_std': np.float64(57.931602672766566), 'pData_4_std': np.float64(18.2856101664848), 'pData_4_range': np.int64(97), 'pData_4_rate_std': np.float64(26.77092364751684)}"
299,"{'tData_std': np.float64(0.0), 'tData_range': np.int64(0), 'tData_rate_std': np.float64(0.0), 'tData_2_std': np.float64(0.34807161066919284), 'tData_2_range': np.int64(1), 'tData_2_rate_std': np.float64(0.125), 'tData_3_std': np.float64(0.0), 'tData_3_range': np.int64(0), 'tData_3_rate_std': np.float64(0.0), 'tData_4_std': np.float64(0.33108214179472834), 'tData_4_range': np.int64(1), 'tData_4_rate_std': np.float64(0.21764887260455024), 'pData_std': np.float64(34.24795052823767), 'pData_range': np.int64(111), 'pData_rate_std': np.float64(48.84929854413437), 'pData_2_std': np.float64(64.92637472256853), 'pData_2_range': np.int64(211), 'pData_2_rate_std': np.float64(88.91069177051268), 'pData_3_std': np.float64(48.21634936568556), 'pData_3_range': np.int64(172), 'pData_3_rate_std': np.float64(64.49166305170462), 'pData_4_std': np.float64(17.960466736268724), 'pData_4_range': np.int64(72), 'pData_4_rate_std': np.float64(26.637484032009397)}"
300,"{'tData_std': np.float64(0.43382282926444904), 'tData_range': np.int64(1), 'tData_rate_std': np.float64(0.10660035817780524), 'tData_2_std': np.float64(0.0), 'tData_2_range': np.int64(0), 'tData_2_rate_std': np.float64(0.0), 'tData_3_std': np.float64(0.0), 'tData_3_range': np.int64(0), 'tData_3_rate_std': np.float64(0.0), 'tData_4_std': np.float64(0.0), 'tData_4_range': np.int64(0), 'tData_4_rate_std': np.float64(0.0), 'pData_std': np.float64(31.69556814188015), 'pData_range': np.int64(129), 'pData_rate_std': np.float64(41.15236616987303), 'pData_2_std': np.float64(56.41610646293468), 'pData_2_range': np.int64(218), 'pData_2_rate_std': np.float64(72.02362319996527), 'pData_3_std': np.float64(46.999880468411234), 'pData_3_range': np.int64(267), 'pData_3_rate_std': np.float64(58.490592622124765), 'pData_4_std': np.float64(17.40932293415043), 'pData_4_range': np.int64(84), 'pData_4_rate_std': np.float64(25.61922769300837)}"
301,"{'tData_std': np.float64(0.0), 'tData_range': np.int64(0), 'tData_rate_std': np.float64(0.0), 'tData_2_std': np.float64(0.0), 'tData_2_range': np.int64(0), 'tData_2_rate_std': np.float64(0.0), 'tData_3_std': np.float64(0.3755338080994054), 'tData_3_range': np.int64(1), 'tData_3_rate_std': np.float64(0.279078152825719), 'tData_4_std': np.float64(0.0), 'tData_4_range': np.int64(0), 'tData_4_rate_std': np.float64(0.0), 'pData_std': np.float64(31.01908578574944), 'pData_range': np.int64(111), 'pData_rate_std': np.float64(44.237286309175886), 'pData_2_std': np.float64(63.974331973965555), 'pData_2_range': np.int64(212), 'pData_2_rate_std': np.float64(92.02394389505375), 'pData_3_std': np.float64(51.35304014306001), 'pData_3_range': np.int64(219), 'pData_3_rate_std': np.float64(67.21072273082622), 'pData_4_std': np.float64(15.84685596018478), 'pData_4_range': np.int64(71), 'pData_4_rate_std': np.float64(23.299007489590625)}"
302,"{'tData_std': np.float64(0.0), 'tData_range': np.int64(0), 'tData_rate_std': np.float64(0.0), 'tData_2_std': np.float64(0.0), 'tData_2_range': np.int64(0), 'tData_2_rate_std': np.float64(0.0), 'tData_3_std': np.float64(0.0), 'tData_3_range': np.int64(0), 'tData_3_rate_std': np.float64(0.0), 'tData_4_std': np.float64(0.0), 'tData_4_range': np.int64(0), 'tData_4_rate_std': np.float64(0.0), 'pData_std': np.float64(39.094215847948114), 'pData_range': np.int64(121), 'pData_rate_std': np.float64(55.98563480347281), 'pData_2_std': np.float64(71.06888764276631), 'pData_2_range': np.int64(201), 'pData_2_rate_std': np.float64(104.76204921879746), 'pData_3_std': np.float64(48.41289154115757), 'pData_3_range': np.int64(156), 'pData_3_rate_std': np.float64(71.66528478613799), 'pData_4_std': np.float64(21.81278132375636), 'pData_4_range': np.int64(79), 'pData_4_rate_std': np.float64(33.306873556173905)}"
303,"{'tData_std': np.float64(0.0), 'tData_range': np.int64(0), 'tData_rate_std': np.float64(0.0), 'tData_2_std': np.float64(0.0), 'tData_2_range': np.int64(0), 'tData_2_rate_std': np.float64(0.0), 'tData_3_std': np.float64(0.0), 'tData_3_range': np.int64(0), 'tData_3_rate_std': np.float64(0.0), 'tData_4_std': np.float64(0.3276169572712153), 'tData_4_range': np.int64(1), 'tData_4_rate_std': np.float64(0.2773500981126146), 'pData_std': np.float64(5.048252022715237), 'pData_range': np.int64(58), 'pData_rate_std': np.float64(5.06748352863402), 'pData_2_std': np.float64(9.835387561496928), 'pData_2_range': np.int64(113), 'pData_2_rate_std': np.float64(9.872855840269729), 'pData_3_std': np.float64(0.0), 'pData_3_range': np.int64(0), 'pData_3_rate_std': np.float64(0.0), 'pData_4_std': np.float64(0.0), 'pData_4_range': np.int64(0), 'pData_4_rate_std': np.float64(0.0)}"
308,"{'tData_std': np.float64(0.0), 'tData_range': np.int64(0), 'tData_rate_std': np.float64(0.0), 'tData_2_std': np.float64(0.0), 'tData_2_range': np.int64(0), 'tData_2_rate_std': np.float64(0.0), 'tData_3_std': np.float64(0.0), 'tData_3_range': np.int64(0), 'tData_3_rate_std': np.float64(0.0), 'tData_4_std': np.float64(0.0), 'tData_4_range': np.int64(0), 'tData_4_rate_std': np.float64(0.0), 'pData_std': np.float64(0.0), 'pData_range': np.int64(0), 'pData_rate_std': np.float64(0.0), 'pData_2_std': np.float64(0.0), 'pData_2_range': np.int64(0), 'pData_2_rate_std': np.float64(0.0), 'pData_3_std': np.float64(0.0), 'pData_3_range': np.int64(0), 'pData_3_rate_std': np.float64(0.0), 'pData_4_std': np.float64(0.0), 'pData_4_range': np.int64(0), 'pData_4_rate_std': np.float64(0.0)}"
309,"{'tData_std': np.float64(0.0), 'tData_range': np.int64(0), 'tData_rate_std': np.float64(0.0), 'tData_2_std': np.float64(0.3535533905932738), 'tData_2_range': np.int64(2), 'tData_2_rate_std': np.float64(0.20194093652345887), 'tData_3_std': np.float64(0.24222607082590242), 'tData_3_range': np.int64(1), 'tData_3_rate_std': np.float64(0.14433756729740643), 'tData_4_std': np.float64(0.14285714285714285), 'tData_4_range': np.int64(1), 'tData_4_rate_std': np.float64(0.20628424925175867), 'pData_std': np.float64(0.0), 'pData_range': np.int64(0), 'pData_rate_std': np.float64(0.0), 'pData_2_std': np.float64(0.0), 'pData_2_range': np.int64(0), 'pData_2_rate_std': np.float64(0.0), 'pData_3_std': np.float64(0.0), 'pData_3_range': np.int64(0), 'pData_3_rate_std': np.float64(0.0), 'pData_4_std': np.float64(0.0), 'pData_4_range': np.int64(0), 'pData_4_rate_std': np.float64(0.0)}"
310,"{'tData_std': np.float64(0.9083816558607964), 'tData_range': np.int64(4), 'tData_rate_std': np.float64(0.30949563128991947), 'tData_2_std': np.float64(0.720698971892047), 'tData_2_range': np.int64(2), 'tData_2_rate_std': np.float64(0.1951800145897066), 'tData_3_std': np.float64(0.43777186393343287), 'tData_3_range': np.int64(1), 'tData_3_rate_std': np.float64(0.09759000729485334), 'tData_4_std': np.float64(1.1112428792786613), 'tData_4_range': np.int64(5), 'tData_4_rate_std': np.float64(0.2766889527190715), 'pData_std': np.float64(16.74919370201339), 'pData_range': np.int64(119), 'pData_rate_std': np.float64(13.150753122627908), 'pData_2_std': np.float64(0.0), 'pData_2_range': np.int64(0), 'pData_2_rate_std': np.float64(0.0), 'pData_3_std': np.float64(0.0), 'pData_3_range': np.int64(0), 'pData_3_rate_std': np.float64(0.0), 'pData_4_std': np.float64(23.6522120291616), 'pData_4_range': np.int64(144), 'pData_4_rate_std': np.float64(13.13978105425833)}"
312,"{'tData_std': np.float64(0.0), 'tData_range': np.int64(0), 'tData_rate_std': np.float64(0.0), 'tData_2_std': np.float64(0.0), 'tData_2_range': np.int64(0), 'tData_2_rate_std': np.float64(0.0), 'tData_3_std': np.float64(0.0), 'tData_3_range': np.int64(0), 'tData_3_rate_std': np.float64(0.0), 'tData_4_std': np.float64(0.0), 'tData_4_range': np.int64(0), 'tData_4_rate_std': np.float64(0.0), 'pData_std': np.float64(0.0), 'pData_range': np.int64(0), 'pData_rate_std': np.float64(0.0), 'pData_2_std': np.float64(0.0), 'pData_2_range': np.int64(0), 'pData_2_rate_std': np.float64(0.0), 'pData_3_std': np.float64(0.0), 'pData_3_range': np.int64(0), 'pData_3_rate_std': np.float64(0.0), 'pData_4_std': np.float64(0.0), 'pData_4_range': np.int64(0), 'pData_4_rate_std': np.float64(0.0)}"
313,"{'tData_std': np.float64(0.0), 'tData_range': np.int64(0), 'tData_rate_std': np.float64(0.0), 'tData_2_std': np.float64(0.0), 'tData_2_range': np.int64(0), 'tData_2_rate_std': np.float64(0.0), 'tData_3_std': np.float64(0.0), 'tData_3_range': np.int64(0), 'tData_3_rate_std': np.float64(0.0), 'tData_4_std': np.float64(0.0), 'tData_4_range': np.int64(0), 'tData_4_rate_std': np.float64(0.0), 'pData_std': np.float64(0.0), 'pData_range': np.int64(0), 'pData_rate_std': np.float64(0.0), 'pData_2_std': np.float64(0.0), 'pData_2_range': np.int64(0), 'pData_2_rate_std': np.float64(0.0), 'pData_3_std': np.float64(0.0), 'pData_3_range': np.int64(0), 'pData_3_rate_std': np.float64(0.0), 'pData_4_std': np.float64(0.0), 'pData_4_range': np.int64(0), 'pData_4_rate_std': np.float64(0.0)}"
314,"{'tData_std': np.float64(0.0), 'tData_range': np.int64(0), 'tData_rate_std': np.float64(0.0), 'tData_2_std': np.float64(0.0), 'tData_2_range': np.int64(0), 'tData_2_rate_std': np.float64(0.0), 'tData_3_std': np.float64(0.0), 'tData_3_range': np.int64(0), 'tData_3_rate_std': np.float64(0.0), 'tData_4_std': np.float64(0.0), 'tData_4_range': np.int64(0), 'tData_4_rate_std': np.float64(0.0), 'pData_std': np.float64(0.0), 'pData_range': np.int64(0), 'pData_rate_std': np.float64(0.0), 'pData_2_std': np.float64(0.0), 'pData_2_range': np.int64(0), 'pData_2_rate_std': np.float64(0.0), 'pData_3_std': np.float64(0.0), 'pData_3_range': np.int64(0), 'pData_3_rate_std': np.float64(0.0), 'pData_4_std': np.float64(0.0), 'pData_4_range': np.int64(0), 'pData_4_rate_std': np.float64(0.0)}"
315,"{'tData_std': np.float64(0.6288232527369243), 'tData_range': np.int64(4), 'tData_rate_std': np.float64(0.33468421010259164), 'tData_2_std': np.float64(0.6535780144034795), 'tData_2_range': np.int64(4), 'tData_2_rate_std': np.float64(0.33468421010259164), 'tData_3_std': np.float64(0.6081282373020966), 'tData_3_range': np.int64(4), 'tData_3_rate_std': np.float64(0.347045177048918), 'tData_4_std': np.float64(0.9943116406455933), 'tData_4_range': np.int64(8), 'tData_4_rate_std': np.float64(0.455248960163657), 'pData_std': np.float64(13.970729270777353), 'pData_range': np.int64(169), 'pData_rate_std': np.float64(7.9800170594371265), 'pData_2_std': np.float64(10.797641708416206), 'pData_2_range': np.int64(153), 'pData_2_rate_std': np.float64(9.431753982864338), 'pData_3_std': np.float64(9.555526533443976), 'pData_3_range': np.int64(155), 'pData_3_rate_std': np.float64(10.122775717919177), 'pData_4_std': np.float64(6.914831560079512), 'pData_4_range': np.int64(109), 'pData_4_rate_std': np.float64(7.199828818382115)}"
316,"{'tData_std': np.float64(0.4898788627389727), 'tData_range': np.int64(1), 'tData_rate_std': np.float64(0.3710541192606408), 'tData_2_std': np.float64(0.0), 'tData_2_range': np.int64(0), 'tData_2_rate_std': np.float64(0.0), 'tData_3_std': np.float64(0.10350580128635242), 'tData_3_range': np.int64(1), 'tData_3_rate_std': np.float64(0.14744195615489714), 'tData_4_std': np.float64(1.3731217973577332), 'tData_4_range': np.int64(3), 'tData_4_rate_std': np.float64(0.28232985128663995), 'pData_std': np.float64(0.0), 'pData_range': np.int64(0), 'pData_rate_std': np.float64(0.0), 'pData_2_std': np.float64(0.0), 'pData_2_range': np.int64(0), 'pData_2_rate_std': np.float64(0.0), 'pData_3_std': np.float64(0.0), 'pData_3_range': np.int64(0), 'pData_3_rate_std': np.float64(0.0), 'pData_4_std': np.float64(0.0), 'pData_4_range': np.int64(0), 'pData_4_rate_std': np.float64(0.0)}"
318,"{'tData_std': np.float64(0.2632726628083583), 'tData_range': np.int64(2), 'tData_rate_std': np.float64(0.11274690420042432), 'tData_2_std': np.float64(0.36133819864160155), 'tData_2_range': np.int64(1), 'tData_2_rate_std': np.float64(0.2158938847941864), 'tData_3_std': np.float64(0.0793873563168369), 'tData_3_range': np.int64(1), 'tData_3_rate_std': np.float64(0.11274690420042432), 'tData_4_std': np.float64(1.4766207158740097), 'tData_4_range': np.int64(6), 'tData_4_rate_std': np.float64(0.22545407730928824), 'pData_std': np.float64(3.699203467910359), 'pData_range': np.int64(58), 'pData_rate_std': np.float64(3.712096579690398), 'pData_2_std': np.float64(0.0), 'pData_2_range': np.int64(0), 'pData_2_rate_std': np.float64(0.0), 'pData_3_std': np.float64(0.0), 'pData_3_range': np.int64(0), 'pData_3_rate_std': np.float64(0.0), 'pData_4_std': np.float64(24.624379639152128), 'pData_4_range': np.int64(358), 'pData_4_rate_std': np.float64(17.984692172577567)}"
319,"{'tData_std': np.float64(0.8515582864088138), 'tData_range': np.int64(3), 'tData_rate_std': np.float64(0.22564870181683377), 'tData_2_std': np.float64(0.30748244591432294), 'tData_2_range': np.int64(2), 'tData_2_rate_std': np.float64(0.17466875326261486), 'tData_3_std': np.float64(0.2564323999762428), 'tData_3_range': np.int64(1), 'tData_3_rate_std': np.float64(0.14285714285714285), 'tData_4_std': np.float64(0.3144660377352202), 'tData_4_range': np.int64(1), 'tData_4_rate_std': np.float64(0.14285714285714285), 'pData_std': np.float64(19.109826125463687), 'pData_range': np.int64(162), 'pData_rate_std': np.float64(16.567733578204574), 'pData_2_std': np.float64(16.718933197806827), 'pData_2_range': np.int64(135), 'pData_2_rate_std': np.float64(17.335230142159425), 'pData_3_std': np.float64(17.213454920585534), 'pData_3_range': np.int64(163), 'pData_3_rate_std': np.float64(20.467495385291745), 'pData_4_std': np.float64(7.699999999999999), 'pData_4_range': np.int64(77), 'pData_4_rate_std': np.float64(11.0)}"
321,"{'tData_std': np.float64(0.0), 'tData_range': np.int64(0), 'tData_rate_std': np.float64(0.0), 'tData_2_std': np.float64(0.0), 'tData_2_range': np.int64(0), 'tData_2_rate_std': np.float64(0.0), 'tData_3_std': np.float64(0.0), 'tData_3_range': np.int64(0), 'tData_3_rate_std': np.float64(0.0), 'tData_4_std': np.float64(0.0), 'tData_4_range': np.int64(0), 'tData_4_rate_std': np.float64(0.0), 'pData_std': np.float64(0.0), 'pData_range': np.int64(0), 'pData_rate_std': np.float64(0.0), 'pData_2_std': np.float64(0.0), 'pData_2_range': np.int64(0), 'pData_2_rate_std': np.float64(0.0), 'pData_3_std': np.float64(0.0), 'pData_3_range': np.int64(0), 'pData_3_rate_std': np.float64(0.0), 'pData_4_std': np.float64(0.0), 'pData_4_range': np.int64(0), 'pData_4_rate_std': np.float64(0.0)}"
322,"{'tData_std': np.float64(0.0), 'tData_range': np.int64(0), 'tData_rate_std': np.float64(0.0), 'tData_2_std': np.float64(0.0), 'tData_2_range': np.int64(0), 'tData_2_rate_std': np.float64(0.0), 'tData_3_std': np.float64(0.0), 'tData_3_range': np.int64(0), 'tData_3_rate_std': np.float64(0.0), 'tData_4_std': np.float64(0.0), 'tData_4_range': np.int64(0), 'tData_4_rate_std': np.float64(0.0), 'pData_std': np.float64(0.0), 'pData_range': np.int64(0), 'pData_rate_std': np.float64(0.0), 'pData_2_std': np.float64(0.0), 'pData_2_range': np.int64(0), 'pData_2_rate_std': np.float64(0.0), 'pData_3_std': np.float64(0.0), 'pData_3_range': np.int64(0), 'pData_3_rate_std': np.float64(0.0), 'pData_4_std': np.float64(0.0), 'pData_4_range': np.int64(0), 'pData_4_rate_std': np.float64(0.0)}"
323,"{'tData_std': np.float64(0.0), 'tData_range': np.int64(0), 'tData_rate_std': np.float64(0.0), 'tData_2_std': np.float64(0.0), 'tData_2_range': np.int64(0), 'tData_2_rate_std': np.float64(0.0), 'tData_3_std': np.float64(0.0), 'tData_3_range': np.int64(0), 'tData_3_rate_std': np.float64(0.0), 'tData_4_std': np.float64(1.8714982214368152), 'tData_4_range': np.int64(4), 'tData_4_rate_std': np.float64(0.25993762245501817), 'pData_std': np.float64(0.0), 'pData_range': np.int64(0), 'pData_rate_std': np.float64(0.0), 'pData_2_std': np.float64(0.0), 'pData_2_range': np.int64(0), 'pData_2_rate_std': np.float64(0.0), 'pData_3_std': np.float64(0.0), 'pData_3_range': np.int64(0), 'pData_3_rate_std': np.float64(0.0), 'pData_4_std': np.float64(0.0), 'pData_4_range': np.int64(0), 'pData_4_rate_std': np.float64(0.0)}"
324,"{'tData_std': np.float64(0.0), 'tData_range': np.int64(0), 'tData_rate_std': np.float64(0.0), 'tData_2_std': np.float64(0.0), 'tData_2_range': np.int64(0), 'tData_2_rate_std': np.float64(0.0), 'tData_3_std': np.float64(0.40191847623425025), 'tData_3_range': np.int64(1), 'tData_3_rate_std': np.float64(0.2), 'tData_4_std': np.float64(0.0), 'tData_4_range': np.int64(0), 'tData_4_rate_std': np.float64(0.0), 'pData_std': np.float64(0.0), 'pData_range': np.int64(0), 'pData_rate_std': np.float64(0.0), 'pData_2_std': np.float64(0.0), 'pData_2_range': np.int64(0), 'pData_2_rate_std': np.float64(0.0), 'pData_3_std': np.float64(0.0), 'pData_3_range': np.int64(0), 'pData_3_rate_std': np.float64(0.0), 'pData_4_std': np.float64(0.0), 'pData_4_range': np.int64(0), 'pData_4_rate_std': np.float64(0.0)}"
325,"{'tData_std': np.float64(1.1834984481976907), 'tData_range': np.int64(3), 'tData_rate_std': np.float64(0.22117148100228678), 'tData_2_std': np.float64(1.438801991530774), 'tData_2_range': np.int64(4), 'tData_2_rate_std': np.float64(0.17783632285425877), 'tData_3_std': np.float64(1.6120194964794743), 'tData_3_range': np.int64(4), 'tData_3_rate_std': np.float64(0.15140097902928237), 'tData_4_std': np.float64(1.1826424165123302), 'tData_4_range': np.int64(3), 'tData_4_rate_std': np.float64(0.19336350867506277), 'pData_std': np.float64(26.234672873845437), 'pData_range': np.int64(148), 'pData_rate_std': np.float64(25.23057931488775), 'pData_2_std': np.float64(42.248418441221055), 'pData_2_range': np.int64(266), 'pData_2_rate_std': np.float64(38.008341265618114), 'pData_3_std': np.float64(61.38020065172142), 'pData_3_range': np.int64(276), 'pData_3_rate_std': np.float64(41.040641977777675), 'pData_4_std': np.float64(10.760463298491473), 'pData_4_range': np.int64(90), 'pData_4_rate_std': np.float64(12.901533541534624)}"
326,"{'tData_std': np.float64(0.4045199174779453), 'tData_range': np.int64(1), 'tData_rate_std': np.float64(0.3402212934859108), 'tData_2_std': np.float64(0.0), 'tData_2_range': np.int64(0), 'tData_2_rate_std': np.float64(0.0), 'tData_3_std': np.float64(0.0), 'tData_3_range': np.int64(0), 'tData_3_rate_std': np.float64(0.0), 'tData_4_std': np.float64(0.0), 'tData_4_range': np.int64(0), 'tData_4_rate_std': np.float64(0.0), 'pData_std': np.float64(0.0), 'pData_range': np.int64(0), 'pData_rate_std': np.float64(0.0), 'pData_2_std': np.float64(0.0), 'pData_2_range': np.int64(0), 'pData_2_rate_std': np.float64(0.0), 'pData_3_std': np.float64(0.0), 'pData_3_range': np.int64(0), 'pData_3_rate_std': np.float64(0.0), 'pData_4_std': np.float64(0.0), 'pData_4_range': np.int64(0), 'pData_4_rate_std': np.float64(0.0)}"
327,"{'tData_std': np.float64(0.0), 'tData_range': np.int64(0), 'tData_rate_std': np.float64(0.0), 'tData_2_std': np.float64(0.0), 'tData_2_range': np.int64(0), 'tData_2_rate_std': np.float64(0.0), 'tData_3_std': np.float64(0.0), 'tData_3_range': np.int64(0), 'tData_3_rate_std': np.float64(0.0), 'tData_4_std': np.float64(0.0), 'tData_4_range': np.int64(0), 'tData_4_rate_std': np.float64(0.0), 'pData_std': np.float64(0.0), 'pData_range': np.int64(0), 'pData_rate_std': np.float64(0.0), 'pData_2_std': np.float64(0.0), 'pData_2_range': np.int64(0), 'pData_2_rate_std': np.float64(0.0), 'pData_3_std': np.float64(0.0), 'pData_3_range': np.int64(0), 'pData_3_rate_std': np.float64(0.0), 'pData_4_std': np.float64(0.0), 'pData_4_range': np.int64(0), 'pData_4_rate_std': np.float64(0.0)}"
328,"{'tData_std': np.float64(0.0), 'tData_range': np.int64(0), 'tData_rate_std': np.float64(0.0), 'tData_2_std': np.float64(0.0), 'tData_2_range': np.int64(0), 'tData_2_rate_std': np.float64(0.0), 'tData_3_std': np.float64(0.0), 'tData_3_range': np.int64(0), 'tData_3_rate_std': np.float64(0.0), 'tData_4_std': np.float64(0.0), 'tData_4_range': np.int64(0), 'tData_4_rate_std': np.float64(0.0), 'pData_std': np.float64(0.0), 'pData_range': np.int64(0), 'pData_rate_std': np.float64(0.0), 'pData_2_std': np.float64(0.0), 'pData_2_range': np.int64(0), 'pData_2_rate_std': np.float64(0.0), 'pData_3_std': np.float64(0.0), 'pData_3_range': np.int64(0), 'pData_3_rate_std': np.float64(0.0), 'pData_4_std': np.float64(0.0), 'pData_4_range': np.int64(0), 'pData_4_rate_std': np.float64(0.0)}"
329,"{'tData_std': np.float64(0.0), 'tData_range': np.int64(0), 'tData_rate_std': np.float64(0.0), 'tData_2_std': np.float64(0.0), 'tData_2_range': np.int64(0), 'tData_2_rate_std': np.float64(0.0), 'tData_3_std': np.float64(0.0), 'tData_3_range': np.int64(0), 'tData_3_rate_std': np.float64(0.0), 'tData_4_std': np.float64(0.0), 'tData_4_range': np.int64(0), 'tData_4_rate_std': np.float64(0.0), 'pData_std': np.float64(0.0), 'pData_range': np.int64(0), 'pData_rate_std': np.float64(0.0), 'pData_2_std': np.float64(0.0), 'pData_2_range': np.int64(0), 'pData_2_rate_std': np.float64(0.0), 'pData_3_std': np.float64(0.0), 'pData_3_range': np.int64(0), 'pData_3_rate_std': np.float64(0.0), 'pData_4_std': np.float64(0.0), 'pData_4_range': np.int64(0), 'pData_4_rate_std': np.float64(0.0)}"
330,"{'tData_std': np.float64(1.0959505690065499), 'tData_range': np.int64(4), 'tData_rate_std': np.float64(0.27472112789737807), 'tData_2_std': np.float64(0.1651016867817926), 'tData_2_range': np.int64(1), 'tData_2_rate_std': np.float64(0.1679693987630641), 'tData_3_std': np.float64(0.2776739162008519), 'tData_3_range': np.int64(1), 'tData_3_rate_std': np.float64(0.2912344287781424), 'tData_4_std': np.float64(0.0), 'tData_4_range': np.int64(0), 'tData_4_rate_std': np.float64(0.0), 'pData_std': np.float64(14.87242099309711), 'pData_range': np.int64(79), 'pData_rate_std': np.float64(9.670027609177968), 'pData_2_std': np.float64(0.0), 'pData_2_range': np.int64(0), 'pData_2_rate_std': np.float64(0.0), 'pData_3_std': np.float64(0.0), 'pData_3_range': np.int64(0), 'pData_3_rate_std': np.float64(0.0), 'pData_4_std': np.float64(0.0), 'pData_4_range': np.int64(0), 'pData_4_rate_std': np.float64(0.0)}"
331,"{'tData_std': np.float64(0.7149686176494761), 'tData_range': np.int64(3), 'tData_rate_std': np.float64(0.2970442628930023), 'tData_2_std': np.float64(0.0), 'tData_2_range': np.int64(0), 'tData_2_rate_std': np.float64(0.0), 'tData_3_std': np.float64(0.0), 'tData_3_range': np.int64(0), 'tData_3_rate_std': np.float64(0.0), 'tData_4_std': np.float64(0.0), 'tData_4_range': np.int64(0), 'tData_4_rate_std': np.float64(0.0), 'pData_std': np.float64(23.44476792073538), 'pData_range': np.int64(113), 'pData_rate_std': np.float64(13.030507190706691), 'pData_2_std': np.float64(0.0), 'pData_2_range': np.int64(0), 'pData_2_rate_std': np.float64(0.0), 'pData_3_std': np.float64(0.0), 'pData_3_range': np.int64(0), 'pData_3_rate_std': np.float64(0.0), 'pData_4_std': np.float64(0.0), 'pData_4_range': np.int64(0), 'pData_4_rate_std': np.float64(0.0)}"
332,"{'tData_std': np.float64(0.0), 'tData_range': np.int64(0), 'tData_rate_std': np.float64(0.0), 'tData_2_std': np.float64(0.0), 'tData_2_range': np.int64(0), 'tData_2_rate_std': np.float64(0.0), 'tData_3_std': np.float64(0.0), 'tData_3_range': np.int64(0), 'tData_3_rate_std': np.float64(0.0), 'tData_4_std': np.float64(0.0), 'tData_4_range': np.int64(0), 'tData_4_rate_std': np.float64(0.0), 'pData_std': np.float64(0.0), 'pData_range': np.int64(0), 'pData_rate_std': np.float64(0.0), 'pData_2_std': np.float64(0.0), 'pData_2_range': np.int64(0), 'pData_2_rate_std': np.float64(0.0), 'pData_3_std': np.float64(0.0), 'pData_3_range': np.int64(0), 'pData_3_rate_std': np.float64(0.0), 'pData_4_std': np.float64(0.0), 'pData_4_range': np.int64(0), 'pData_4_rate_std': np.float64(0.0)}"
333,"{'tData_std': np.float64(0.44144615972908674), 'tData_range': np.int64(1), 'tData_rate_std': np.float64(0.12412909347283584), 'tData_2_std': np.float64(0.0), 'tData_2_range': np.int64(0), 'tData_2_rate_std': np.float64(0.0), 'tData_3_std': np.float64(0.0), 'tData_3_range': np.int64(0), 'tData_3_rate_std': np.float64(0.0), 'tData_4_std': np.float64(0.6221038613583496), 'tData_4_range': np.int64(2), 'tData_4_rate_std': np.float64(0.058420452782910394), 'pData_std': np.float64(0.0), 'pData_range': np.int64(0), 'pData_rate_std': np.float64(0.0), 'pData_2_std': np.float64(0.0), 'pData_2_range': np.int64(0), 'pData_2_rate_std': np.float64(0.0), 'pData_3_std': np.float64(0.0), 'pData_3_range': np.int64(0), 'pData_3_rate_std': np.float64(0.0), 'pData_4_std': np.float64(0.0), 'pData_4_range': np.int64(0), 'pData_4_rate_std': np.float64(0.0)}"
334,"{'tData_std': np.float64(0.4941171058934024), 'tData_range': np.int64(1), 'tData_rate_std': np.float64(0.1982186272109392), 'tData_2_std': np.float64(0.17890629212190975), 'tData_2_range': np.int64(1), 'tData_2_rate_std': np.float64(0.04806927282610233), 'tData_3_std': np.float64(0.6630173405284484), 'tData_3_range': np.int64(4), 'tData_3_rate_std': np.float64(0.23387805511944795), 'tData_4_std': np.float64(1.139602417374911), 'tData_4_range': np.int64(4), 'tData_4_rate_std': np.float64(0.11101479207175181), 'pData_std': np.float64(0.0), 'pData_range': np.int64(0), 'pData_rate_std': np.float64(0.0), 'pData_2_std': np.float64(0.0), 'pData_2_range': np.int64(0), 'pData_2_rate_std': np.float64(0.0), 'pData_3_std': np.float64(5.639018447035949), 'pData_3_range': np.int64(92), 'pData_3_rate_std': np.float64(4.0636310207029265), 'pData_4_std': np.float64(0.0), 'pData_4_range': np.int64(0), 'pData_4_rate_std': np.float64(0.0)}"
335,"{'tData_std': np.float64(0.0), 'tData_range': np.int64(0), 'tData_rate_std': np.float64(0.0), 'tData_2_std': np.float64(0.0), 'tData_2_range': np.int64(0), 'tData_2_rate_std': np.float64(0.0), 'tData_3_std': np.float64(0.0), 'tData_3_range': np.int64(0), 'tData_3_rate_std': np.float64(0.0), 'tData_4_std': np.float64(0.0), 'tData_4_range': np.int64(0), 'tData_4_rate_std': np.float64(0.0), 'pData_std': np.float64(0.0), 'pData_range': np.int64(0), 'pData_rate_std': np.float64(0.0), 'pData_2_std': np.float64(0.0), 'pData_2_range': np.int64(0), 'pData_2_rate_std': np.float64(0.0), 'pData_3_std': np.float64(0.0), 'pData_3_range': np.int64(0), 'pData_3_rate_std': np.float64(0.0), 'pData_4_std': np.float64(0.0), 'pData_4_range': np.int64(0), 'pData_4_rate_std': np.float64(0.0)}"
336,"{'tData_std': np.float64(0.6837873494466334), 'tData_range': np.int64(5), 'tData_rate_std': np.float64(0.46939287417862485), 'tData_2_std': np.float64(0.49905571209393534), 'tData_2_range': np.int64(4), 'tData_2_rate_std': np.float64(0.3664001695538421), 'tData_3_std': np.float64(0.5250251352388042), 'tData_3_range': np.int64(4), 'tData_3_rate_std': np.float64(0.39176504882372226), 'tData_4_std': np.float64(0.973503412874709), 'tData_4_range': np.int64(6), 'tData_4_rate_std': np.float64(0.47885700298108763), 'pData_std': np.float64(0.0), 'pData_range': np.int64(0), 'pData_rate_std': np.float64(0.0), 'pData_2_std': np.float64(0.0), 'pData_2_range': np.int64(0), 'pData_2_rate_std': np.float64(0.0), 'pData_3_std': np.float64(0.0), 'pData_3_range': np.int64(0), 'pData_3_rate_std': np.float64(0.0), 'pData_4_std': np.float64(9.664060744886827), 'pData_4_range': np.int64(58), 'pData_4_rate_std': np.float64(11.374735838014674)}"
341,"{'tData_std': np.float64(0.0), 'tData_range': np.int64(0), 'tData_rate_std': np.float64(0.0), 'tData_2_std': np.float64(0.6756260713111166), 'tData_2_range': np.int64(2), 'tData_2_rate_std': np.float64(0.2466096643090295), 'tData_3_std': np.float64(0.4727889717037675), 'tData_3_range': np.int64(2), 'tData_3_rate_std': np.float64(0.24660966430902953), 'tData_4_std': np.float64(0.6744642027449002), 'tData_4_range': np.int64(2), 'tData_4_rate_std': np.float64(0.2857142857142857), 'pData_std': np.float64(0.0), 'pData_range': np.int64(0), 'pData_rate_std': np.float64(0.0), 'pData_2_std': np.float64(0.0), 'pData_2_range': np.int64(0), 'pData_2_rate_std': np.float64(0.0), 'pData_3_std': np.float64(0.0), 'pData_3_range': np.int64(0), 'pData_3_rate_std': np.float64(0.0), 'pData_4_std': np.float64(0.0), 'pData_4_range': np.int64(0), 'pData_4_rate_std': np.float64(0.0)}"
342,"{'tData_std': np.float64(0.7411592691507655), 'tData_range': np.int64(2), 'tData_rate_std': np.float64(0.22841609628806428), 'tData_2_std': np.float64(1.5182560744774627), 'tData_2_range': np.int64(5), 'tData_2_rate_std': np.float64(0.24610651574096168), 'tData_3_std': np.float64(1.6079135171051109), 'tData_3_range': np.int64(5), 'tData_3_rate_std': np.float64(0.22775593277946277), 'tData_4_std': np.float64(0.7690458744111422), 'tData_4_range': np.int64(3), 'tData_4_rate_std': np.float64(0.24671758189758447), 'pData_std': np.float64(28.584889536908992), 'pData_range': np.int64(316), 'pData_rate_std': np.float64(24.79007515291062), 'pData_2_std': np.float64(0.0), 'pData_2_range': np.int64(0), 'pData_2_rate_std': np.float64(0.0), 'pData_3_std': np.float64(0.0), 'pData_3_range': np.int64(0), 'pData_3_rate_std': np.float64(0.0), 'pData_4_std': np.float64(44.99450941773837), 'pData_4_range': np.int64(366), 'pData_4_rate_std': np.float64(39.45718648380028)}"
343,"{'tData_std': np.float64(0.4364357804719848), 'tData_range': np.int64(1), 'tData_rate_std': np.float64(0.3940344628262061), 'tData_2_std': np.float64(0.0), 'tData_2_range': np.int64(0), 'tData_2_rate_std': np.float64(0.0), 'tData_3_std': np.float64(0.0), 'tData_3_range': np.int64(0), 'tData_3_rate_std': np.float64(0.0), 'tData_4_std': np.float64(0.0), 'tData_4_range': np.int64(0), 'tData_4_rate_std': np.float64(0.0), 'pData_std': np.float64(0.0), 'pData_range': np.int64(0), 'pData_rate_std': np.float64(0.0), 'pData_2_std': np.float64(0.0), 'pData_2_range': np.int64(0), 'pData_2_rate_std': np.float64(0.0), 'pData_3_std': np.float64(0.0), 'pData_3_range': np.int64(0), 'pData_3_rate_std': np.float64(0.0), 'pData_4_std': np.float64(0.0), 'pData_4_range': np.int64(0), 'pData_4_rate_std': np.float64(0.0)}"
344,"{'tData_std': np.float64(0.7669857707088542), 'tData_range': np.int64(2), 'tData_rate_std': np.float64(0.1818181818181818), 'tData_2_std': np.float64(0.600828132827623), 'tData_2_range': np.int64(2), 'tData_2_rate_std': np.float64(0.1578959450922791), 'tData_3_std': np.float64(0.5935114083976119), 'tData_3_range': np.int64(2), 'tData_3_rate_std': np.float64(0.15789594509227914), 'tData_4_std': np.float64(0.495269589070725), 'tData_4_range': np.int64(1), 'tData_4_rate_std': np.float64(0.15789594509227914), 'pData_std': np.float64(0.0), 'pData_range': np.int64(0), 'pData_rate_std': np.float64(0.0), 'pData_2_std': np.float64(0.0), 'pData_2_range': np.int64(0), 'pData_2_rate_std': np.float64(0.0), 'pData_3_std': np.float64(0.0), 'pData_3_range': np.int64(0), 'pData_3_rate_std': np.float64(0.0), 'pData_4_std': np.float64(0.0), 'pData_4_range': np.int64(0), 'pData_4_rate_std': np.float64(0.0)}"
345,"{'tData_std': np.float64(0.0), 'tData_range': np.int64(0), 'tData_rate_std': np.float64(0.0), 'tData_2_std': np.float64(0.0), 'tData_2_range': np.int64(0), 'tData_2_rate_std': np.float64(0.0), 'tData_3_std': np.float64(0.0), 'tData_3_range': np.int64(0), 'tData_3_rate_std': np.float64(0.0), 'tData_4_std': np.float64(0.0), 'tData_4_range': np.int64(0), 'tData_4_rate_std': np.float64(0.0), 'pData_std': np.float64(0.0), 'pData_range': np.int64(0), 'pData_rate_std': np.float64(0.0), 'pData_2_std': np.float64(0.0), 'pData_2_range': np.int64(0), 'pData_2_rate_std': np.float64(0.0), 'pData_3_std': np.float64(0.0), 'pData_3_range': np.int64(0), 'pData_3_rate_std': np.float64(0.0), 'pData_4_std': np.float64(0.0), 'pData_4_range': np.int64(0), 'pData_4_rate_std': np.float64(0.0)}"
346,"{'tData_std': np.float64(8.418645262582839), 'tData_range': np.int64(17), 'tData_rate_std': np.float64(0.8567242144397739), 'tData_2_std': np.float64(8.351851853137822), 'tData_2_range': np.int64(17), 'tData_2_rate_std': np.float64(0.7208957381769803), 'tData_3_std': np.float64(8.813668929329273), 'tData_3_range': np.int64(21), 'tData_3_rate_std': np.float64(0.6907352009937071), 'tData_4_std': np.float64(6.907785972847203), 'tData_4_range': np.int64(16), 'tData_4_rate_std': np.float64(0.5325925801871356), 'pData_std': np.float64(6.7963600913798405), 'pData_range': np.int64(91), 'pData_rate_std': np.float64(6.86937491248743), 'pData_2_std': np.float64(4.3733061237024), 'pData_2_range': np.int64(77), 'pData_2_rate_std': np.float64(6.2048368229954285), 'pData_3_std': np.float64(8.519427513705974), 'pData_3_range': np.int64(150), 'pData_3_rate_std': np.float64(12.087344460380704), 'pData_4_std': np.float64(9.568878221647092), 'pData_4_range': np.int64(158), 'pData_4_rate_std': np.float64(11.143398255259688)}"
347,"{'tData_std': np.float64(0.0), 'tData_range': np.int64(0), 'tData_rate_std': np.float64(0.0), 'tData_2_std': np.float64(0.0), 'tData_2_range': np.int64(0), 'tData_2_rate_std': np.float64(0.0), 'tData_3_std': np.float64(0.0), 'tData_3_range': np.int64(0), 'tData_3_rate_std': np.float64(0.0), 'tData_4_std': np.float64(0.0), 'tData_4_range': np.int64(0), 'tData_4_rate_std': np.float64(0.0), 'pData_std': np.float64(0.0), 'pData_range': np.int64(0), 'pData_rate_std': np.float64(0.0), 'pData_2_std': np.float64(0.0), 'pData_2_range': np.int64(0), 'pData_2_rate_std': np.float64(0.0), 'pData_3_std': np.float64(0.0), 'pData_3_range': np.int64(0), 'pData_3_rate_std': np.float64(0.0), 'pData_4_std': np.float64(0.0), 'pData_4_range': np.int64(0), 'pData_4_rate_std': np.float64(0.0)}"
348,"{'tData_std': np.float64(0.0), 'tData_range': np.int64(0), 'tData_rate_std': np.float64(0.0), 'tData_2_std': np.float64(0.0), 'tData_2_range': np.int64(0), 'tData_2_rate_std': np.float64(0.0), 'tData_3_std': np.float64(0.0), 'tData_3_range': np.int64(0), 'tData_3_rate_std': np.float64(0.0), 'tData_4_std': np.float64(0.0), 'tData_4_range': np.int64(0), 'tData_4_rate_std': np.float64(0.0), 'pData_std': np.float64(0.0), 'pData_range': np.int64(0), 'pData_rate_std': np.float64(0.0), 'pData_2_std': np.float64(0.0), 'pData_2_range': np.int64(0), 'pData_2_rate_std': np.float64(0.0), 'pData_3_std': np.float64(0.0), 'pData_3_range': np.int64(0), 'pData_3_rate_std': np.float64(0.0), 'pData_4_std': np.float64(0.0), 'pData_4_range': np.int64(0), 'pData_4_rate_std': np.float64(0.0)}"
349,"{'tData_std': np.float64(8.594409134551665), 'tData_range': np.int64(19), 'tData_rate_std': np.float64(1.1277998436788774), 'tData_2_std': np.float64(8.588139497867308), 'tData_2_range': np.int64(18), 'tData_2_rate_std': np.float64(0.9049275182957759), 'tData_3_std': np.float64(8.606034646834793), 'tData_3_range': np.int64(19), 'tData_3_rate_std': np.float64(0.9697632570348901), 'tData_4_std': np.float64(7.787589496830218), 'tData_4_range': np.int64(20), 'tData_4_rate_std': np.float64(0.8572617447350004), 'pData_std': np.float64(0.0), 'pData_range': np.int64(0), 'pData_rate_std': np.float64(0.0), 'pData_2_std': np.float64(0.0), 'pData_2_range': np.int64(0), 'pData_2_rate_std': np.float64(0.0), 'pData_3_std': np.float64(0.0), 'pData_3_range': np.int64(0), 'pData_3_rate_std': np.float64(0.0), 'pData_4_std': np.float64(10.940474810127677), 'pData_4_range': np.int64(148), 'pData_4_rate_std': np.float64(15.557414604338046)}"
350,"{'tData_std': np.float64(0.7546116017122115), 'tData_range': np.int64(2), 'tData_rate_std': np.float64(0.12916680696784533), 'tData_2_std': np.float64(0.4821843345669087), 'tData_2_range': np.int64(1), 'tData_2_rate_std': np.float64(0.1021472663475074), 'tData_3_std': np.float64(0.5002078570033662), 'tData_3_range': np.int64(1), 'tData_3_rate_std': np.float64(0.13705763280898986), 'tData_4_std': np.float64(0.8482228374560438), 'tData_4_range': np.int64(3), 'tData_4_rate_std': np.float64(0.25438909862717773), 'pData_std': np.float64(27.31166593833295), 'pData_range': np.int64(79), 'pData_rate_std': np.float64(40.57427015668169), 'pData_2_std': np.float64(25.43701405416296), 'pData_2_range': np.int64(89), 'pData_2_rate_std': np.float64(38.781761850025156), 'pData_3_std': np.float64(18.431398719751545), 'pData_3_range': np.int64(83), 'pData_3_rate_std': np.float64(25.69306543974508), 'pData_4_std': np.float64(66.29621323886371), 'pData_4_range': np.int64(322), 'pData_4_rate_std': np.float64(104.03662836594452)}"
352,"{'tData_std': np.float64(1.5610763636720542), 'tData_range': np.int64(5), 'tData_rate_std': np.float64(0.12032666908701974), 'tData_2_std': np.float64(2.402221312630421), 'tData_2_range': np.int64(6), 'tData_2_rate_std': np.float64(0.11335255694836253), 'tData_3_std': np.float64(2.3465050779099186), 'tData_3_range': np.int64(6), 'tData_3_rate_std': np.float64(0.08499634906255793), 'tData_4_std': np.float64(1.8861351775193307), 'tData_4_range': np.int64(5), 'tData_4_rate_std': np.float64(0.06940233455414335), 'pData_std': np.float64(15.090306847820338), 'pData_range': np.int64(203), 'pData_rate_std': np.float64(11.85131811020682), 'pData_2_std': np.float64(25.335398703376118), 'pData_2_range': np.int64(201), 'pData_2_rate_std': np.float64(16.345278877795884), 'pData_3_std': np.float64(37.582466682409574), 'pData_3_range': np.int64(277), 'pData_3_rate_std': np.float64(17.72903223728798), 'pData_4_std': np.float64(5.33760994583563), 'pData_4_range': np.int64(102), 'pData_4_rate_std': np.float64(7.566492591469702)}"
364,"{'tData_std': np.float64(0.47137410661500784), 'tData_range': np.int64(1), 'tData_rate_std': np.float64(0.08980265101338748), 'tData_2_std': np.float64(0.0), 'tData_2_range': np.int64(0), 'tData_2_rate_std': np.float64(0.0), 'tData_3_std': np.float64(0.4742396290974129), 'tData_3_range': np.int64(1), 'tData_3_rate_std': np.float64(0.08980265101338748), 'tData_4_std': np.float64(0.0), 'tData_4_range': np.int64(0), 'tData_4_rate_std': np.float64(0.0), 'pData_std': np.float64(23.579753480338773), 'pData_range': np.int64(92), 'pData_rate_std': np.float64(27.81150256273019), 'pData_2_std': np.float64(52.683494385292654), 'pData_2_range': np.int64(231), 'pData_2_rate_std': np.float64(46.56283454618726), 'pData_3_std': np.float64(49.91095296431888), 'pData_3_range': np.int64(203), 'pData_3_rate_std': np.float64(43.504228371261355), 'pData_4_std': np.float64(14.845561952227317), 'pData_4_range': np.int64(79), 'pData_4_rate_std': np.float64(17.7461778777373)}"
365,"{'tData_std': np.float64(0.0), 'tData_range': np.int64(0), 'tData_rate_std': np.float64(0.0), 'tData_2_std': np.float64(0.0), 'tData_2_range': np.int64(0), 'tData_2_rate_std': np.float64(0.0), 'tData_3_std': np.float64(0.0), 'tData_3_range': np.int64(0), 'tData_3_rate_std': np.float64(0.0), 'tData_4_std': np.float64(0.0), 'tData_4_range': np.int64(0), 'tData_4_rate_std': np.float64(0.0), 'pData_std': np.float64(0.0), 'pData_range': np.int64(0), 'pData_rate_std': np.float64(0.0), 'pData_2_std': np.float64(23.250079063749183), 'pData_2_range': np.int64(71), 'pData_2_rate_std': np.float64(25.56820942759452), 'pData_3_std': np.float64(39.03363933839631), 'pData_3_range': np.int64(104), 'pData_3_rate_std': np.float64(44.15861561839698), 'pData_4_std': np.float64(0.0), 'pData_4_range': np.int64(0), 'pData_4_rate_std': np.float64(0.0)}"
381,"{'tData_std': np.float64(0.9390149946431718), 'tData_range': np.int64(3), 'tData_rate_std': np.float64(0.08840755206954415), 'tData_2_std': np.float64(1.2771581066697117), 'tData_2_range': np.int64(4), 'tData_2_rate_std': np.float64(0.15734217377416373), 'tData_3_std': np.float64(1.179282101272768), 'tData_3_range': np.int64(3), 'tData_3_rate_std': np.float64(0.08840755206954415), 'tData_4_std': np.float64(2.301824386923512), 'tData_4_range': np.int64(6), 'tData_4_rate_std': np.float64(0.15299327643278168), 'pData_std': np.float64(20.12883736673468), 'pData_range': np.int64(139), 'pData_rate_std': np.float64(18.052292576708858), 'pData_2_std': np.float64(41.881741187620236), 'pData_2_range': np.int64(232), 'pData_2_rate_std': np.float64(31.09479974298054), 'pData_3_std': np.float64(48.64946478199929), 'pData_3_range': np.int64(305), 'pData_3_rate_std': np.float64(28.534980476975658), 'pData_4_std': np.float64(8.841597666157613), 'pData_4_range': np.int64(134), 'pData_4_rate_std': np.float64(9.28176915204836)}"
382,"{'tData_std': np.float64(0.5007262167952128), 'tData_range': np.int64(1), 'tData_rate_std': np.float64(0.23464141682190076), 'tData_2_std': np.float64(0.0), 'tData_2_range': np.int64(0), 'tData_2_rate_std': np.float64(0.0), 'tData_3_std': np.float64(0.501813571423807), 'tData_3_range': np.int64(1), 'tData_3_rate_std': np.float64(0.1534944021652353), 'tData_4_std': np.float64(0.0880450906325624), 'tData_4_range': np.int64(1), 'tData_4_rate_std': np.float64(0.08838834764831845), 'pData_std': np.float64(30.77689549827318), 'pData_range': np.int64(129), 'pData_rate_std': np.float64(37.49729649047366), 'pData_2_std': np.float64(57.47582382717453), 'pData_2_range': np.int64(277), 'pData_2_rate_std': np.float64(71.88836489915468), 'pData_3_std': np.float64(42.559855821177074), 'pData_3_range': np.int64(177), 'pData_3_rate_std': np.float64(46.78445651661584), 'pData_4_std': np.float64(9.03665286271639), 'pData_4_range': np.int64(62), 'pData_4_rate_std': np.float64(12.981513202988705)}"
385,"{'tData_std': np.float64(0.5011167439390461), 'tData_range': np.int64(1), 'tData_rate_std': np.float64(0.33546864573173346), 'tData_2_std': np.float64(0.4477325052805857), 'tData_2_range': np.int64(1), 'tData_2_rate_std': np.float64(0.08111071056538126), 'tData_3_std': np.float64(0.0), 'tData_3_range': np.int64(0), 'tData_3_rate_std': np.float64(0.0), 'tData_4_std': np.float64(0.1139556760886929), 'tData_4_range': np.int64(1), 'tData_4_rate_std': np.float64(0.08111071056538126), 'pData_std': np.float64(24.706618762265194), 'pData_range': np.int64(126), 'pData_rate_std': np.float64(30.02030218112998), 'pData_2_std': np.float64(48.57597895044578), 'pData_2_range': np.int64(237), 'pData_2_rate_std': np.float64(56.93153806232106), 'pData_3_std': np.float64(43.67115284307566), 'pData_3_range': np.int64(181), 'pData_3_rate_std': np.float64(45.20697145779838), 'pData_4_std': np.float64(5.335783750799324), 'pData_4_range': np.int64(66), 'pData_4_rate_std': np.float64(7.595746456959355)}"
386,"{'tData_std': np.float64(0.0), 'tData_range': np.int64(0), 'tData_rate_std': np.float64(0.0), 'tData_2_std': np.float64(0.0), 'tData_2_range': np.int64(0), 'tData_2_rate_std': np.float64(0.0), 'tData_3_std': np.float64(0.0), 'tData_3_range': np.int64(0), 'tData_3_rate_std': np.float64(0.0), 'tData_4_std': np.float64(0.0), 'tData_4_range': np.int64(0), 'tData_4_rate_std': np.float64(0.0), 'pData_std': np.float64(18.525136228079607), 'pData_range': np.int64(99), 'pData_rate_std': np.float64(24.80332274670288), 'pData_2_std': np.float64(46.63275678750122), 'pData_2_range': np.int64(209), 'pData_2_rate_std': np.float64(58.79840994489726), 'pData_3_std': np.float64(40.52347246631625), 'pData_3_range': np.int64(192), 'pData_3_rate_std': np.float64(48.65690059902721), 'pData_4_std': np.float64(0.0), 'pData_4_range': np.int64(0), 'pData_4_rate_std': np.float64(0.0)}"
387,"{'tData_std': np.float64(0.0), 'tData_range': np.int64(0), 'tData_rate_std': np.float64(0.0), 'tData_2_std': np.float64(0.0), 'tData_2_range': np.int64(0), 'tData_2_rate_std': np.float64(0.0), 'tData_3_std': np.float64(0.0), 'tData_3_range': np.int64(0), 'tData_3_rate_std': np.float64(0.0), 'tData_4_std': np.float64(0.0), 'tData_4_range': np.int64(0), 'tData_4_rate_std': np.float64(0.0), 'pData_std': np.float64(19.52494633569487), 'pData_range': np.int64(99), 'pData_rate_std': np.float64(28.72743124824162), 'pData_2_std': np.float64(45.64843488930521), 'pData_2_range': np.int64(199), 'pData_2_rate_std': np.float64(55.565001464546924), 'pData_3_std': np.float64(35.84191871614719), 'pData_3_range': np.int64(206), 'pData_3_rate_std': np.float64(42.75034311832706), 'pData_4_std': np.float64(7.9815964789596565), 'pData_4_range': np.int64(57), 'pData_4_rate_std': np.float64(11.515739007895203)}"
388,"{'tData_std': np.float64(1.0191402726187406), 'tData_range': np.int64(3), 'tData_rate_std': np.float64(0.10965815628196351), 'tData_2_std': np.float64(1.0954028124822708), 'tData_2_range': np.int64(3), 'tData_2_rate_std': np.float64(0.08481741191974324), 'tData_3_std': np.float64(0.8462833753752435), 'tData_3_range': np.int64(4), 'tData_3_rate_std': np.float64(0.1389258434045291), 'tData_4_std': np.float64(1.1081884122283627), 'tData_4_range': np.int64(4), 'tData_4_rate_std': np.float64(0.09781978133840348), 'pData_std': np.float64(9.931795908706366), 'pData_range': np.int64(107), 'pData_rate_std': np.float64(5.309275449352901), 'pData_2_std': np.float64(8.07762924998901), 'pData_2_range': np.int64(95), 'pData_2_rate_std': np.float64(5.205905231116133), 'pData_3_std': np.float64(0.0), 'pData_3_range': np.int64(0), 'pData_3_rate_std': np.float64(0.0), 'pData_4_std': np.float64(0.0), 'pData_4_range': np.int64(0), 'pData_4_rate_std': np.float64(0.0)}"
